Orthogroup,0,0,0,0,0
OG0000000,14,6,3,5,0
OG0000001,11,5,6,5,0
OG0000002,14,6,6,6,0
OG0000003,14,6,5,6,0
OG0000004,14,6,6,6,0
OG0000005,14,6,4,0,0
OG0000006,14,5,3,0,1
OG0000007,14,6,6,6,2
OG0000008,14,6,6,1,1
OG0000009,14,6,2,1,2
OG0000010,14,6,6,6,5
OG0000011,14,6,6,3,0
OG0000012,14,6,4,0,3
OG0000013,14,6,6,6,3
OG0000014,14,6,3,0,0
OG0000015,14,6,5,6,0
OG0000016,14,6,6,6,4
OG0000017,14,6,4,1,0
OG0000018,14,5,3,2,1
OG0000019,14,6,6,5,0
OG0000020,14,5,3,5,4
OG0000021,14,6,6,6,3
OG0000022,14,6,4,3,0
OG0000023,14,6,6,6,1
OG0000024,14,6,6,6,1
OG0000025,14,6,6,6,0
OG0000026,14,5,1,0,0
OG0000027,14,6,6,6,5
OG0000028,14,5,4,1,0
OG0000029,14,6,5,6,2
OG0000030,14,6,6,6,5
OG0000031,14,5,5,4,0
OG0000032,14,6,5,5,2
OG0000033,14,6,6,6,5
OG0000034,14,6,6,6,0
OG0000035,14,3,1,0,0
OG0000036,14,6,6,6,1
OG0000037,14,6,4,1,0
OG0000038,14,6,2,0,0
OG0000039,14,6,3,0,0
OG0000040,14,6,6,6,5
OG0000041,14,5,4,0,0
OG0000042,14,5,0,0,0
OG0000043,14,6,5,6,1
OG0000044,14,6,2,0,0
OG0000045,14,3,1,1,0
OG0000046,14,6,5,3,0
OG0000047,14,6,4,0,0
OG0000048,14,6,4,2,0
OG0000049,14,6,6,6,3
OG0000050,14,6,6,6,0
OG0000051,14,6,4,6,0
OG0000052,14,6,6,6,0
OG0000053,14,6,6,6,5
OG0000054,14,6,6,6,5
OG0000055,14,6,6,6,5
OG0000056,14,6,6,6,5
OG0000057,14,6,4,0,0
OG0000058,14,6,6,6,0
OG0000059,14,5,1,0,0
OG0000060,14,4,5,5,1
OG0000061,14,6,3,2,1
OG0000062,14,6,5,3,2
OG0000063,14,6,6,6,0
OG0000064,14,6,6,6,0
OG0000065,14,6,6,6,0
OG0000066,14,6,6,6,0
OG0000067,14,3,0,1,0
OG0000068,14,6,6,6,5
OG0000069,14,6,5,5,0
OG0000070,14,6,5,3,0
OG0000071,14,6,4,0,0
OG0000072,14,6,4,0,0
OG0000074,14,6,4,2,1
OG0000075,14,6,4,0,0
OG0000076,14,6,6,5,1
OG0000078,14,6,6,6,0
OG0000079,14,2,0,0,0
OG0000083,14,6,6,5,3
OG0000085,14,6,6,6,3
OG0000086,12,0,1,1,0
OG0000087,14,6,5,0,0
OG0000088,14,5,2,1,0
OG0000090,14,6,3,1,0
OG0000093,14,6,4,0,0
OG0000094,14,5,1,0,0
OG0000095,12,6,4,4,0
OG0000096,14,6,6,6,0
OG0000097,14,6,5,4,0
OG0000098,14,6,4,4,0
OG0000099,14,6,6,6,5
OG0000100,14,6,5,6,0
OG0000101,14,6,6,5,5
OG0000102,14,6,5,3,0
OG0000103,12,0,0,0,0
OG0000104,14,6,6,5,0
OG0000106,14,5,3,4,2
OG0000107,8,2,2,1,0
OG0000111,14,6,5,0,1
OG0000113,14,6,6,5,0
OG0000115,14,6,4,1,0
OG0000116,14,6,6,6,5
OG0000117,14,6,6,6,0
OG0000118,14,6,6,6,2
OG0000119,14,6,4,0,0
OG0000121,14,6,6,5,0
OG0000123,14,5,1,1,2
OG0000124,14,5,3,3,0
OG0000126,13,6,6,5,0
OG0000128,12,0,1,0,0
OG0000130,14,6,5,5,0
OG0000132,14,6,5,6,5
OG0000133,14,5,2,0,0
OG0000134,14,6,6,6,0
OG0000135,14,6,2,1,0
OG0000136,14,6,6,4,0
OG0000138,14,6,6,6,1
OG0000141,14,6,6,6,0
OG0000142,14,6,6,1,5
OG0000143,14,5,4,5,3
OG0000144,14,5,1,1,0
OG0000145,14,6,6,6,0
OG0000146,14,6,6,6,5
OG0000147,14,5,0,0,0
OG0000148,14,4,0,0,0
OG0000149,14,5,4,1,0
OG0000151,14,6,6,4,0
OG0000152,14,5,4,2,2
OG0000153,14,6,3,0,0
OG0000154,14,3,5,0,0
OG0000155,14,6,6,6,5
OG0000156,13,1,0,0,0
OG0000157,14,6,6,6,0
OG0000158,13,3,2,2,0
OG0000159,14,5,2,0,0
OG0000160,14,5,0,0,0
OG0000161,14,1,1,1,1
OG0000163,14,5,0,0,0
OG0000164,14,6,2,1,0
OG0000165,14,4,1,0,0
OG0000166,14,6,6,6,5
OG0000171,14,6,5,4,0
OG0000172,14,6,3,2,2
OG0000173,14,6,4,1,0
OG0000174,14,6,6,6,0
OG0000175,14,5,6,4,0
OG0000176,14,6,6,6,0
OG0000177,14,6,5,3,2
OG0000178,14,6,6,6,0
OG0000179,14,6,3,0,2
OG0000180,14,6,4,0,0
OG0000181,14,6,6,6,0
OG0000183,14,5,3,0,0
OG0000184,14,6,6,6,0
OG0000186,14,5,2,2,0
OG0000187,14,6,4,0,0
OG0000188,14,6,6,6,5
OG0000189,14,6,6,4,5
OG0000190,14,6,6,5,0
OG0000191,14,6,5,6,0
OG0000195,14,6,6,2,0
OG0000196,14,6,4,0,0
OG0000197,14,6,5,2,5
OG0000199,14,5,4,0,0
OG0000200,14,6,6,6,0
OG0000201,14,6,5,5,2
OG0000203,14,6,6,2,0
OG0000205,14,6,4,0,0
OG0000206,14,6,5,5,0
OG0000207,14,6,6,6,0
OG0000209,14,6,5,6,1
OG0000210,14,6,6,6,0
OG0000211,14,6,6,6,2
OG0000213,14,5,0,2,0
OG0000214,14,4,1,2,0
OG0000216,14,6,6,5,0
OG0000217,14,6,5,3,0
OG0000220,14,6,5,0,0
OG0000221,14,5,0,0,0
OG0000223,14,6,6,5,0
OG0000224,14,5,6,4,2
OG0000225,14,6,3,4,0
OG0000228,14,6,5,5,5
OG0000230,14,6,6,6,5
OG0000232,14,6,6,6,0
OG0000233,6,0,0,0,0
OG0000234,14,6,6,4,0
OG0000236,14,6,4,0,0
OG0000238,14,5,5,4,0
OG0000239,14,6,6,5,0
OG0000241,14,6,6,6,5
OG0000244,14,6,6,6,0
OG0000245,14,6,5,6,5
OG0000246,14,6,4,0,1
OG0000247,13,6,6,6,0
OG0000248,14,6,5,6,5
OG0000249,14,6,6,6,0
OG0000250,14,6,6,3,0
OG0000251,14,6,4,6,0
OG0000253,14,5,6,3,0
OG0000254,14,6,6,6,0
OG0000256,14,6,6,4,0
OG0000258,13,5,0,0,0
OG0000259,14,6,3,2,0
OG0000260,14,6,4,1,0
OG0000261,14,6,6,6,2
OG0000263,14,6,6,4,0
OG0000264,14,6,1,1,0
OG0000267,14,6,5,1,0
OG0000268,14,4,3,0,0
OG0000269,14,6,1,0,0
OG0000270,14,6,6,6,0
OG0000271,14,6,5,4,1
OG0000272,14,6,5,5,3
OG0000276,13,0,0,0,0
OG0000278,14,6,6,6,5
OG0000279,14,5,0,1,1
OG0000281,14,6,6,6,5
OG0000282,14,6,6,4,5
OG0000283,14,6,5,1,0
OG0000284,14,6,5,6,5
OG0000286,14,6,5,3,0
OG0000287,14,5,6,4,0
OG0000288,14,5,0,0,0
OG0000289,14,6,6,6,5
OG0000290,14,6,4,0,0
OG0000291,14,6,6,6,0
OG0000292,14,5,5,4,0
OG0000295,14,6,6,6,1
OG0000299,14,6,6,6,5
OG0000301,12,0,0,0,0
OG0000305,14,6,6,5,0
OG0000306,14,5,0,0,0
OG0000308,14,6,6,6,3
OG0000309,14,5,0,0,0
OG0000311,14,5,2,0,0
OG0000312,14,6,6,6,3
OG0000313,11,0,2,3,0
OG0000317,14,6,6,6,0
OG0000318,14,6,3,1,0
OG0000320,14,6,6,5,0
OG0000321,14,6,6,5,0
OG0000322,14,6,6,6,5
OG0000323,14,6,6,3,0
OG0000324,14,6,1,2,4
OG0000326,14,6,6,6,5
OG0000328,14,6,6,6,2
OG0000330,14,6,6,6,4
OG0000332,14,6,5,2,0
OG0000336,14,6,6,6,5
OG0000337,14,6,6,6,3
OG0000338,14,6,6,6,5
OG0000339,14,6,4,0,0
OG0000340,12,6,1,0,0
OG0000341,14,6,4,6,1
OG0000342,14,6,4,2,0
OG0000343,9,0,0,0,0
OG0000344,14,6,6,0,0
OG0000345,14,5,0,0,0
OG0000346,14,6,6,6,0
OG0000350,14,6,6,4,0
OG0000351,14,6,6,6,0
OG0000352,14,5,2,4,0
OG0000353,14,6,6,6,2
OG0000354,14,5,0,0,0
OG0000355,14,6,6,6,5
OG0000356,14,6,6,6,0
OG0000357,13,6,6,5,0
OG0000361,14,4,2,1,0
OG0000362,14,6,6,6,0
OG0000363,14,6,5,3,0
OG0000366,13,0,0,0,0
OG0000367,14,5,1,0,0
OG0000368,14,3,5,5,0
OG0000372,1,1,0,0,0
OG0000374,14,6,5,6,0
OG0000376,14,5,1,1,0
OG0000377,14,6,6,6,0
OG0000378,14,5,1,0,2
OG0000381,14,6,6,6,0
OG0000382,9,0,0,0,0
OG0000384,14,6,6,6,0
OG0000389,14,5,5,5,0
OG0000390,14,6,6,5,0
OG0000391,14,6,6,2,0
OG0000392,14,6,0,0,0
OG0000396,14,6,6,6,0
OG0000398,14,6,6,6,0
OG0000399,14,6,3,0,1
OG0000400,14,6,6,6,0
OG0000403,14,6,5,5,0
OG0000405,14,5,2,0,0
OG0000406,14,6,6,6,2
OG0000412,14,6,6,4,2
OG0000413,14,6,3,0,0
OG0000414,14,5,5,0,0
OG0000416,14,6,6,6,0
OG0000419,14,6,6,6,0
OG0000420,14,6,6,6,0
OG0000422,14,6,6,6,5
OG0000424,14,6,5,0,0
OG0000427,14,5,6,1,0
OG0000429,14,5,0,0,0
OG0000430,14,6,4,0,0
OG0000432,14,6,6,6,1
OG0000435,14,6,4,5,2
OG0000436,14,6,5,0,0
OG0000437,14,6,6,6,0
OG0000439,14,5,3,2,0
OG0000440,14,6,2,0,0
OG0000441,14,6,5,6,0
OG0000442,14,2,0,0,0
OG0000443,14,6,5,5,0
OG0000444,14,5,1,3,0
OG0000445,14,6,6,6,5
OG0000446,14,6,5,4,0
OG0000447,14,6,3,3,0
OG0000449,14,6,4,0,0
OG0000452,14,6,6,6,4
OG0000455,14,6,6,6,5
OG0000456,14,6,6,6,2
OG0000457,14,6,6,5,4
OG0000458,14,6,3,0,0
OG0000460,13,5,6,6,3
OG0000461,13,4,4,1,0
OG0000462,14,6,4,1,0
OG0000463,14,6,2,1,0
OG0000466,14,6,6,6,0
OG0000470,14,4,2,0,0
OG0000471,14,6,6,6,1
OG0000472,14,6,6,5,1
OG0000473,14,6,6,6,4
OG0000474,14,6,6,0,4
OG0000477,14,5,3,0,0
OG0000478,14,6,6,6,0
OG0000481,14,5,2,0,1
OG0000482,14,6,6,6,4
OG0000484,14,6,3,0,0
OG0000486,14,6,6,6,0
OG0000489,14,5,5,6,0
OG0000492,14,6,6,6,0
OG0000495,14,6,5,0,0
OG0000496,14,6,6,6,5
OG0000498,14,6,3,4,0
OG0000499,14,6,6,6,5
OG0000501,14,6,5,5,0
OG0000502,13,6,5,6,0
OG0000503,14,6,6,6,0
OG0000504,14,5,2,0,0
OG0000506,14,6,6,6,0
OG0000508,7,1,1,0,0
OG0000509,14,6,6,3,0
OG0000512,8,2,0,0,0
OG0000513,14,6,6,1,0
OG0000514,14,6,5,6,0
OG0000518,14,6,5,1,0
OG0000521,14,5,0,0,0
OG0000523,14,6,6,4,0
OG0000526,14,6,6,6,0
OG0000529,14,6,6,5,0
OG0000532,14,6,6,4,3
OG0000533,14,6,4,5,5
OG0000535,14,6,6,6,0
OG0000537,14,6,6,6,0
OG0000538,14,4,4,0,1
OG0000539,14,6,6,6,5
OG0000541,14,6,6,6,5
OG0000544,14,6,3,0,0
OG0000547,14,6,6,0,0
OG0000548,14,5,2,6,0
OG0000549,14,6,6,6,0
OG0000551,14,6,5,3,0
OG0000552,14,6,6,6,0
OG0000553,14,6,2,0,5
OG0000556,14,6,5,6,0
OG0000557,14,6,6,6,0
OG0000559,14,6,5,5,0
OG0000560,14,6,5,3,0
OG0000561,14,5,0,1,0
OG0000566,14,6,6,6,1
OG0000567,14,6,6,6,0
OG0000570,14,5,2,4,0
OG0000573,14,6,6,6,0
OG0000576,14,6,6,6,5
OG0000577,14,6,5,6,0
OG0000578,14,6,6,3,0
OG0000579,14,6,6,2,4
OG0000580,14,6,6,6,0
OG0000582,14,5,5,6,0
OG0000583,14,6,6,5,0
OG0000584,14,5,6,4,0
OG0000588,14,6,5,4,0
OG0000589,14,6,6,5,0
OG0000590,14,6,4,5,0
OG0000591,14,6,6,6,3
OG0000592,14,6,6,6,0
OG0000593,14,6,6,5,1
OG0000595,14,5,2,2,0
OG0000597,14,6,6,6,5
OG0000598,14,6,4,2,0
OG0000601,14,6,6,6,0
OG0000602,14,6,5,6,0
OG0000604,14,6,6,6,0
OG0000605,14,6,4,2,0
OG0000607,14,6,5,3,0
OG0000610,14,6,6,6,2
OG0000611,14,6,6,6,0
OG0000612,14,6,6,6,5
OG0000614,14,6,0,0,0
OG0000616,14,4,6,5,0
OG0000618,14,6,5,6,0
OG0000619,13,0,1,0,1
OG0000620,14,6,6,6,0
OG0000621,14,6,4,5,0
OG0000623,13,4,0,0,0
OG0000625,14,6,6,6,0
OG0000626,14,6,6,6,4
OG0000627,14,6,6,6,0
OG0000629,14,5,6,6,0
OG0000630,14,5,1,4,0
OG0000631,14,6,5,6,0
OG0000632,14,6,6,6,5
OG0000633,14,6,6,6,5
OG0000635,14,6,6,6,1
OG0000636,14,6,6,6,0
OG0000637,14,6,5,5,5
OG0000638,14,6,5,6,0
OG0000639,14,6,6,6,5
OG0000646,14,5,0,0,0
OG0000647,14,6,5,2,0
OG0000648,14,6,6,6,0
OG0000653,9,1,2,0,0
OG0000657,14,3,0,0,0
OG0000659,10,3,0,0,0
OG0000661,14,6,6,6,0
OG0000662,14,4,1,0,0
OG0000665,14,4,0,0,0
OG0000666,14,4,0,0,0
OG0000668,12,6,5,4,0
OG0000670,14,6,6,6,3
OG0000677,14,6,3,1,0
OG0000678,14,6,6,6,5
OG0000679,5,0,0,0,0
OG0000681,14,5,2,0,0
OG0000684,14,4,5,2,3
OG0000685,10,0,0,0,0
OG0000688,14,6,5,3,0
OG0000689,14,6,6,6,5
OG0000691,14,6,6,6,0
OG0000694,14,6,5,3,0
OG0000696,14,4,4,5,1
OG0000700,14,6,6,4,5
OG0000702,14,6,3,0,0
OG0000703,14,6,5,2,0
OG0000704,14,6,4,0,0
OG0000705,14,6,6,6,0
OG0000706,14,6,6,6,5
OG0000710,14,6,4,4,0
OG0000712,14,6,6,2,4
OG0000714,14,6,5,6,2
OG0000716,14,5,1,0,0
OG0000718,14,6,6,6,1
OG0000720,14,6,6,6,5
OG0000721,14,6,6,6,1
OG0000723,14,6,3,2,0
OG0000724,14,6,2,0,0
OG0000725,14,6,6,5,4
OG0000728,14,6,5,6,0
OG0000729,12,3,0,0,0
OG0000733,14,4,6,6,5
OG0000734,14,6,6,6,0
OG0000737,14,6,5,6,5
OG0000738,14,6,6,6,0
OG0000742,14,6,6,6,0
OG0000744,14,5,3,0,0
OG0000747,14,6,4,3,0
OG0000748,14,6,1,0,0
OG0000752,14,5,5,6,0
OG0000753,14,6,6,6,3
OG0000754,14,6,6,6,0
OG0000755,14,6,5,0,0
OG0000758,14,6,6,6,5
OG0000759,14,6,0,0,0
OG0000761,14,6,6,4,1
OG0000762,14,6,6,6,4
OG0000763,14,6,5,5,0
OG0000764,13,0,0,1,0
OG0000766,14,6,6,4,0
OG0000768,14,4,2,0,0
OG0000770,14,6,6,5,0
OG0000772,14,5,5,3,0
OG0000773,14,6,4,5,0
OG0000775,14,6,6,6,0
OG0000778,14,6,4,0,0
OG0000782,14,6,6,1,4
OG0000786,14,6,6,4,5
OG0000787,14,6,6,1,0
OG0000790,14,6,6,5,5
OG0000793,14,6,6,1,0
OG0000794,14,6,3,3,3
OG0000795,14,6,5,2,0
OG0000797,14,5,3,0,0
OG0000798,13,6,5,2,0
OG0000803,14,5,1,0,0
OG0000805,14,6,6,6,5
OG0000806,14,5,0,1,0
OG0000813,14,5,6,2,0
OG0000814,14,6,6,6,0
OG0000825,9,0,0,0,0
OG0000826,14,6,5,6,0
OG0000830,4,0,0,0,0
OG0000835,14,6,5,2,0
OG0000836,14,6,3,4,0
OG0000838,14,5,1,0,0
OG0000840,14,4,6,4,0
OG0000842,14,6,2,0,0
OG0000845,13,6,6,4,0
OG0000848,12,2,0,0,0
OG0000852,14,5,0,0,0
OG0000859,14,6,6,5,0
OG0000861,14,6,6,6,0
OG0000865,14,6,6,6,0
OG0000867,14,6,6,6,4
OG0000868,14,6,6,6,5
OG0000871,14,6,6,6,0
OG0000876,14,6,4,1,0
OG0000879,14,1,0,0,0
OG0000880,3,0,0,0,0
OG0000883,14,6,6,6,0
OG0000884,14,5,3,4,0
OG0000885,14,5,2,0,1
OG0000886,14,6,6,6,5
OG0000889,14,6,6,6,0
OG0000890,14,6,5,6,0
OG0000892,14,5,2,1,0
OG0000895,14,6,6,5,0
OG0000898,14,6,6,4,0
OG0000902,7,0,0,0,0
OG0000906,14,6,3,1,0
OG0000907,14,6,5,4,0
OG0000909,14,6,6,5,0
OG0000910,14,6,4,0,0
OG0000911,14,6,6,2,0
OG0000912,14,6,6,6,0
OG0000918,14,6,3,0,0
OG0000924,14,6,5,6,0
OG0000926,14,6,5,6,0
OG0000927,14,6,4,2,1
OG0000928,14,6,4,4,0
OG0000930,14,6,4,0,0
OG0000932,14,0,2,1,0
OG0000933,14,6,6,3,0
OG0000935,14,5,0,0,0
OG0000938,14,6,6,0,0
OG0000939,14,6,6,6,5
OG0000947,14,6,5,6,0
OG0000948,14,6,6,6,0
OG0000949,10,0,0,0,0
OG0000957,14,6,4,0,0
OG0000962,14,6,6,6,0
OG0000963,14,6,6,6,0
OG0000964,14,6,4,0,0
OG0000971,14,6,5,6,0
OG0000972,12,0,0,0,0
OG0000975,14,6,5,6,5
OG0000976,14,6,1,0,0
OG0000977,14,6,6,3,0
OG0000983,14,6,6,6,5
OG0000984,14,5,4,3,0
OG0000985,14,6,5,6,0
OG0000987,14,5,5,6,0
OG0000989,14,6,5,6,5
OG0000990,14,6,1,0,0
OG0000991,14,6,6,6,0
OG0000992,14,6,6,6,0
OG0000998,14,6,6,6,0
OG0000999,14,6,6,4,0
OG0001001,13,6,4,6,5
OG0001003,14,5,3,2,0
OG0001004,13,4,5,1,0
OG0001005,14,6,6,6,5
OG0001006,14,6,4,5,0
OG0001010,14,6,5,6,0
OG0001011,14,6,5,3,0
OG0001012,14,6,4,1,0
OG0001014,14,6,6,6,0
OG0001015,14,6,6,6,5
OG0001018,14,6,6,6,5
OG0001024,14,6,6,6,0
OG0001026,14,6,6,6,0
OG0001028,14,6,5,6,0
OG0001038,14,6,5,4,2
OG0001040,14,6,2,0,0
OG0001044,14,5,0,1,0
OG0001046,14,6,6,6,5
OG0001047,14,6,6,6,0
OG0001050,14,6,6,6,5
OG0001051,14,5,5,3,0
OG0001054,14,6,6,6,0
OG0001055,14,6,4,1,5
OG0001056,14,3,0,0,0
OG0001059,14,6,6,6,0
OG0001062,14,6,6,6,5
OG0001064,14,6,6,6,4
OG0001065,14,4,1,0,0
OG0001067,14,6,5,6,0
OG0001068,14,4,4,0,0
OG0001069,14,6,5,0,0
OG0001071,14,5,2,0,0
OG0001072,14,6,5,6,5
OG0001073,6,1,0,0,0
OG0001076,14,6,6,5,0
OG0001077,14,6,5,6,0
OG0001078,14,6,5,6,0
OG0001079,14,6,6,5,0
OG0001086,14,6,6,6,0
OG0001088,14,6,6,4,0
OG0001089,14,6,6,4,1
OG0001090,14,6,6,5,0
OG0001093,14,6,6,2,0
OG0001094,13,5,3,2,0
OG0001095,14,5,6,4,0
OG0001096,14,6,6,5,0
OG0001097,14,6,3,0,0
OG0001098,14,0,0,0,0
OG0001099,14,6,6,6,5
OG0001101,14,6,6,6,5
OG0001103,14,6,4,1,0
OG0001104,11,0,1,0,0
OG0001109,10,0,0,0,0
OG0001111,13,6,6,4,5
OG0001112,14,6,6,5,0
OG0001113,14,6,6,6,0
OG0001118,13,6,5,6,0
OG0001121,14,6,6,6,0
OG0001123,14,6,5,5,0
OG0001125,14,5,5,3,3
OG0001128,14,6,4,6,0
OG0001129,14,4,1,1,0
OG0001131,14,6,4,0,0
OG0001133,14,5,6,6,0
OG0001134,14,6,6,3,5
OG0001140,14,6,6,6,0
OG0001141,14,6,6,6,0
OG0001143,14,6,6,4,0
OG0001145,14,6,6,6,0
OG0001147,14,6,4,4,0
OG0001151,14,3,1,0,0
OG0001152,14,6,6,6,0
OG0001154,14,2,2,0,0
OG0001155,14,4,4,0,0
OG0001157,14,6,5,0,1
OG0001158,14,6,6,4,0
OG0001163,14,6,5,4,2
OG0001165,14,6,6,6,5
OG0001166,14,4,2,5,0
OG0001167,14,6,6,6,1
OG0001168,14,6,3,2,0
OG0001170,14,5,2,0,0
OG0001175,14,6,3,0,0
OG0001177,14,6,5,6,0
OG0001180,4,0,0,0,0
OG0001181,3,0,0,0,0
OG0001191,14,6,6,5,0
OG0001194,12,5,0,0,0
OG0001195,14,6,6,6,0
OG0001196,14,5,0,0,0
OG0001200,14,5,0,0,0
OG0001202,14,6,5,6,5
OG0001208,14,1,0,0,0
OG0001209,14,6,6,6,0
OG0001211,14,5,3,1,0
OG0001212,14,6,6,4,0
OG0001218,5,0,1,0,0
OG0001221,14,6,6,6,0
OG0001222,14,6,6,6,0
OG0001223,14,6,6,6,0
OG0001225,14,6,5,6,0
OG0001230,14,4,0,0,0
OG0001231,14,6,5,6,0
OG0001235,14,6,4,2,0
OG0001238,14,5,2,0,0
OG0001242,14,6,6,6,0
OG0001243,14,5,2,0,0
OG0001244,14,6,3,2,0
OG0001245,14,6,6,6,2
OG0001247,14,6,6,6,5
OG0001252,14,5,1,4,1
OG0001254,14,6,6,6,5
OG0001260,14,3,2,5,0
OG0001267,14,6,6,6,0
OG0001268,14,6,3,0,0
OG0001272,14,6,5,6,0
OG0001273,14,4,1,0,0
OG0001276,14,6,4,2,0
OG0001277,4,0,0,0,0
OG0001287,14,6,6,6,5
OG0001291,14,6,4,3,1
OG0001294,14,6,6,5,0
OG0001295,12,5,5,6,0
OG0001303,14,6,6,6,1
OG0001307,14,5,3,0,0
OG0001310,14,6,6,6,0
OG0001312,14,6,4,6,4
OG0001316,14,6,6,4,0
OG0001317,14,6,2,1,0
OG0001318,14,5,4,2,0
OG0001322,7,0,0,0,0
OG0001324,13,6,1,5,0
OG0001325,14,6,6,3,0
OG0001330,14,6,5,6,0
OG0001337,14,5,4,5,0
OG0001341,14,6,4,2,0
OG0001343,14,6,5,5,5
OG0001347,4,0,1,0,0
OG0001351,13,6,6,6,2
OG0001352,14,6,6,6,0
OG0001356,14,6,6,6,0
OG0001360,14,6,6,0,0
OG0001361,14,6,6,6,0
OG0001363,13,6,4,1,0
OG0001364,14,5,6,6,5
OG0001365,14,6,5,4,5
OG0001367,13,6,6,6,0
OG0001368,14,6,5,6,5
OG0001372,14,6,6,6,0
OG0001373,14,6,4,0,0
OG0001374,14,6,5,5,0
OG0001375,14,6,6,6,3
OG0001378,13,6,1,0,0
OG0001379,14,6,6,6,0
OG0001382,14,6,6,5,0
OG0001384,14,6,6,6,0
OG0001389,14,6,6,6,5
OG0001393,14,3,3,6,5
OG0001394,14,6,5,0,0
OG0001396,14,6,4,6,3
OG0001400,14,5,1,0,0
OG0001401,14,6,4,6,0
OG0001404,14,6,5,6,5
OG0001406,14,6,6,6,5
OG0001407,14,6,6,6,4
OG0001408,7,1,0,0,0
OG0001409,8,2,0,0,0
OG0001412,14,6,6,6,5
OG0001414,14,6,5,5,0
OG0001418,14,6,6,6,5
OG0001419,14,6,5,6,5
OG0001420,14,6,6,6,1
OG0001427,14,5,6,6,0
OG0001430,14,6,6,6,4
OG0001431,14,6,6,4,0
OG0001432,14,6,6,6,4
OG0001433,14,6,6,6,5
OG0001435,14,4,3,3,1
OG0001438,14,2,5,1,0
OG0001441,14,4,5,3,0
OG0001444,14,6,3,0,0
OG0001446,12,0,0,0,0
OG0001448,13,4,4,2,0
OG0001453,12,0,0,0,0
OG0001456,14,6,6,6,0
OG0001460,14,5,2,1,0
OG0001464,14,6,6,6,4
OG0001469,14,6,3,0,5
OG0001475,14,6,5,6,0
OG0001476,14,5,6,5,0
OG0001484,14,5,3,2,0
OG0001486,14,6,6,5,0
OG0001489,14,6,2,2,0
OG0001490,14,6,5,5,1
OG0001492,13,5,4,6,0
OG0001493,14,5,6,6,0
OG0001496,14,6,6,6,0
OG0001497,14,6,6,4,0
OG0001508,14,5,0,0,0
OG0001510,14,6,4,4,1
OG0001511,13,6,6,6,1
OG0001512,14,5,5,6,5
OG0001518,14,6,6,6,0
OG0001519,14,6,6,6,5
OG0001523,13,3,1,0,0
OG0001525,14,6,6,6,5
OG0001526,14,6,5,5,0
OG0001530,14,5,1,0,0
OG0001532,14,5,1,4,0
OG0001537,14,6,2,0,0
OG0001544,14,5,1,0,0
OG0001545,14,6,5,4,0
OG0001549,14,6,4,6,0
OG0001550,14,6,2,3,0
OG0001553,14,6,5,5,0
OG0001554,14,6,3,0,0
OG0001555,14,6,6,5,0
OG0001564,14,6,6,3,0
OG0001568,14,6,6,6,0
OG0001569,14,6,6,3,5
OG0001571,14,6,6,6,0
OG0001580,14,6,6,6,5
OG0001587,12,2,1,0,0
OG0001589,14,6,5,6,0
OG0001591,14,6,6,5,0
OG0001592,13,6,6,2,0
OG0001605,14,3,0,0,0
OG0001611,14,4,0,0,0
OG0001612,14,6,5,6,4
OG0001614,13,6,5,6,0
OG0001616,14,6,6,6,0
OG0001618,14,4,1,0,0
OG0001629,14,6,4,6,0
OG0001630,14,3,5,5,0
OG0001634,14,3,1,1,0
OG0001637,14,6,4,6,0
OG0001640,14,6,6,5,0
OG0001641,14,5,6,5,5
OG0001642,14,5,5,4,0
OG0001645,14,6,6,6,0
OG0001648,11,0,0,0,0
OG0001655,4,0,1,2,0
OG0001656,6,0,0,0,0
OG0001660,14,6,6,6,0
OG0001664,14,6,5,6,0
OG0001665,14,6,5,6,0
OG0001669,14,6,4,4,0
OG0001675,14,4,0,0,0
OG0001678,14,6,6,6,0
OG0001680,14,5,0,0,0
OG0001682,14,6,5,2,0
OG0001686,14,6,4,2,0
OG0001695,14,6,5,6,0
OG0001697,14,6,6,0,0
OG0001699,14,5,0,0,0
OG0001701,14,5,6,6,0
OG0001703,14,6,6,4,0
OG0001707,14,4,4,1,0
OG0001717,14,6,5,1,0
OG0001718,14,4,0,0,0
OG0001720,14,5,2,2,0
OG0001724,9,0,0,0,0
OG0001730,14,6,5,2,0
OG0001734,14,4,3,6,0
OG0001736,14,4,6,5,5
OG0001737,14,6,4,0,0
OG0001739,13,5,3,3,0
OG0001740,14,6,6,4,5
OG0001741,14,6,5,6,5
OG0001742,13,5,0,0,0
OG0001744,14,6,5,3,0
OG0001745,14,6,6,6,0
OG0001746,14,5,6,6,0
OG0001748,14,0,0,0,0
OG0001749,14,6,5,4,2
OG0001755,14,5,5,3,0
OG0001756,14,6,5,6,0
OG0001759,14,0,0,0,0
OG0001767,14,6,6,6,5
OG0001769,14,5,5,6,0
OG0001774,14,4,1,0,0
OG0001776,14,6,5,5,0
OG0001777,14,6,5,6,0
OG0001781,14,6,6,6,5
OG0001789,13,2,2,0,0
OG0001794,14,6,3,0,0
OG0001795,14,6,6,6,4
OG0001810,14,6,5,6,0
OG0001818,14,6,5,4,0
OG0001822,14,6,6,5,0
OG0001833,14,6,6,6,5
OG0001835,12,6,4,5,0
OG0001836,14,6,6,6,0
OG0001837,14,6,5,5,0
OG0001843,12,1,0,0,0
OG0001844,14,5,1,1,0
OG0001847,14,6,3,6,0
OG0001848,14,6,5,4,5
OG0001849,14,5,5,0,0
OG0001854,14,6,6,6,0
OG0001855,14,6,6,6,0
OG0001856,14,6,6,6,0
OG0001859,14,6,6,6,0
OG0001862,14,6,5,5,0
OG0001863,14,6,5,5,0
OG0001864,12,4,3,1,0
OG0001865,14,6,5,4,5
OG0001867,14,6,5,5,0
OG0001868,14,6,0,0,0
OG0001869,14,6,6,6,0
OG0001877,11,5,6,6,5
OG0001888,14,6,6,6,0
OG0001891,14,5,1,1,0
OG0001893,14,6,6,6,1
OG0001894,14,6,5,1,0
OG0001896,14,6,6,6,1
OG0001898,14,6,6,6,5
OG0001909,14,6,5,5,0
OG0001912,14,5,4,1,0
OG0001913,14,5,6,6,0
OG0001923,14,6,6,6,0
OG0001924,12,0,0,0,0
OG0001932,14,6,6,6,0
OG0001934,14,5,5,5,0
OG0001935,14,6,6,6,5
OG0001936,14,6,6,6,0
OG0001944,14,6,6,6,0
OG0001947,14,6,6,6,5
OG0001949,14,6,6,6,0
OG0001950,14,4,3,0,1
OG0001962,14,4,5,5,3
OG0001966,14,6,5,6,0
OG0001967,14,6,6,6,1
OG0001970,14,5,5,6,0
OG0001973,14,5,0,0,0
OG0001974,14,5,5,4,0
OG0001975,13,6,6,5,2
OG0001976,8,0,1,0,0
OG0001979,14,6,5,5,0
OG0001984,14,6,5,3,0
OG0001994,14,6,6,6,0
OG0001995,14,3,2,1,0
OG0002001,14,5,6,6,5
OG0002007,14,6,3,0,0
OG0002013,14,6,5,0,0
OG0002020,14,6,3,6,0
OG0002021,13,6,6,3,0
OG0002029,14,6,6,6,5
OG0002033,14,6,6,6,5
OG0002036,14,6,6,4,0
OG0002041,14,5,2,0,0
OG0002045,14,5,0,0,0
OG0002051,14,5,6,0,0
OG0002053,14,6,5,4,0
OG0002057,14,6,6,3,1
OG0002058,14,6,5,5,0
OG0002059,13,5,0,0,0
OG0002064,14,6,5,5,5
OG0002077,14,6,6,6,0
OG0002081,14,6,6,3,0
OG0002083,14,6,4,2,0
OG0002085,14,6,5,6,5
OG0002090,14,6,6,6,0
OG0002092,14,6,4,2,0
OG0002094,14,6,5,4,0
OG0002100,14,6,6,6,0
OG0002101,13,6,6,6,5
OG0002104,14,6,5,6,1
OG0002105,14,6,5,6,0
OG0002109,14,5,1,0,0
OG0002110,14,5,6,6,0
OG0002111,14,6,6,6,0
OG0002117,13,4,0,0,0
OG0002120,13,6,6,6,0
OG0002126,12,1,0,0,0
OG0002130,14,6,5,6,0
OG0002131,14,6,6,6,0
OG0002133,14,6,5,5,5
OG0002136,14,6,6,6,0
OG0002139,14,6,6,5,0
OG0002147,14,6,4,4,0
OG0002148,13,6,4,5,0
OG0002150,14,6,6,6,0
OG0002151,14,6,5,6,0
OG0002153,14,6,5,6,0
OG0002154,14,6,6,6,4
OG0002155,12,0,0,0,0
OG0002168,14,6,6,6,0
OG0002177,14,5,2,0,0
OG0002182,14,5,1,1,0
OG0002183,14,6,5,6,0
OG0002186,14,6,6,3,0
OG0002187,14,6,6,5,0
OG0002189,14,6,6,5,5
OG0002191,13,6,4,1,0
OG0002193,12,5,3,4,0
OG0002196,14,5,4,0,0
OG0002202,10,0,0,0,0
OG0002206,14,6,5,6,5
OG0002208,14,5,5,6,0
OG0002213,14,6,5,5,0
OG0002214,14,6,3,0,0
OG0002225,14,5,6,3,0
OG0002226,14,6,6,0,2
OG0002228,14,6,5,5,0
OG0002232,14,6,5,6,0
OG0002236,14,6,5,6,0
OG0002237,14,6,6,5,0
OG0002242,11,5,4,0,0
OG0002247,14,6,4,5,0
OG0002253,14,5,6,5,0
OG0002254,14,5,2,1,0
OG0002257,14,5,6,6,0
OG0002260,14,6,5,6,0
OG0002261,14,6,5,5,0
OG0002262,14,6,6,4,5
OG0002263,14,6,2,0,0
OG0002267,14,6,6,6,0
OG0002278,14,5,3,0,0
OG0002288,14,6,4,1,0
OG0002291,14,6,5,3,5
OG0002298,14,6,4,5,5
OG0002299,14,6,6,6,0
OG0002301,14,6,6,6,0
OG0002306,14,6,6,6,0
OG0002308,14,6,6,5,0
OG0002311,14,6,6,6,0
OG0002315,13,6,1,0,0
OG0002319,14,6,6,6,0
OG0002323,13,6,6,6,0
OG0002329,13,6,6,6,0
OG0002338,14,6,4,0,0
OG0002340,14,6,6,6,0
OG0002341,14,6,6,2,0
OG0002345,14,6,6,5,0
OG0002347,14,6,6,6,0
OG0002350,12,5,0,0,0
OG0002352,14,6,6,6,5
OG0002353,14,5,5,0,0
OG0002355,14,6,6,3,0
OG0002357,14,6,4,3,3
OG0002358,14,6,6,6,0
OG0002361,14,6,6,3,0
OG0002364,14,6,6,5,0
OG0002366,14,6,4,6,5
OG0002369,14,4,3,3,0
OG0002370,14,5,6,4,0
OG0002371,14,6,4,6,0
OG0002375,14,6,6,6,0
OG0002376,14,6,6,6,0
OG0002378,13,6,6,5,0
OG0002385,14,6,5,4,0
OG0002386,14,6,5,6,0
OG0002387,14,6,6,4,1
OG0002389,14,6,5,6,0
OG0002393,14,6,6,6,1
OG0002397,13,6,6,4,0
OG0002399,9,0,0,0,0
OG0002407,14,4,3,1,0
OG0002414,14,6,5,4,0
OG0002415,14,6,6,6,0
OG0002418,14,6,5,4,0
OG0002423,14,6,6,5,0
OG0002428,14,6,6,6,0
OG0002435,14,4,6,6,0
OG0002437,14,6,5,3,0
OG0002455,14,6,5,6,0
OG0002467,14,6,6,6,0
OG0002468,13,0,0,0,0
OG0002470,14,6,6,6,0
OG0002481,14,6,6,6,0
OG0002483,14,6,5,4,0
OG0002489,14,6,5,6,0
OG0002494,14,6,6,6,0
OG0002495,14,6,6,6,4
OG0002498,14,5,5,6,1
OG0002500,14,6,5,6,0
OG0002501,14,6,5,2,0
OG0002504,14,3,4,1,0
OG0002507,14,6,3,0,0
OG0002516,14,6,5,4,0
OG0002518,14,6,6,6,0
OG0002522,14,6,6,5,0
OG0002523,14,5,6,6,1
OG0002540,14,6,6,5,0
OG0002541,14,6,3,0,0
OG0002543,14,5,4,5,0
OG0002544,14,6,6,6,0
OG0002550,13,5,3,0,0
OG0002554,14,6,6,4,0
OG0002555,13,5,4,1,0
OG0002562,14,6,6,6,5
OG0002566,14,4,1,0,0
OG0002568,13,6,5,4,0
OG0002570,14,6,6,6,0
OG0002578,13,6,5,5,0
OG0002579,14,6,6,6,0
OG0002580,14,5,0,0,0
OG0002590,14,5,5,0,0
OG0002591,14,6,5,2,5
OG0002598,13,2,0,0,0
OG0002600,14,5,2,0,0
OG0002612,14,6,6,6,0
OG0002616,14,5,3,0,0
OG0002618,14,6,6,4,0
OG0002619,14,6,6,6,5
OG0002620,14,6,6,6,0
OG0002622,14,6,5,6,0
OG0002627,13,6,5,6,0
OG0002632,14,6,4,6,0
OG0002633,14,6,6,5,0
OG0002638,14,6,6,6,0
OG0002640,14,6,5,4,0
OG0002648,14,5,0,0,0
OG0002652,14,6,6,5,0
OG0002655,14,6,5,5,0
OG0002657,14,4,3,1,0
OG0002664,14,2,0,0,0
OG0002675,14,6,6,6,5
OG0002676,14,5,6,6,0
OG0002690,12,6,5,3,0
OG0002691,14,6,6,6,0
OG0002692,14,6,3,5,0
OG0002693,14,6,6,2,0
OG0002696,14,4,5,3,0
OG0002697,14,4,4,5,0
OG0002698,14,5,5,6,1
OG0002707,14,6,5,6,0
OG0002710,13,6,6,3,0
OG0002715,14,5,4,2,0
OG0002718,14,6,3,0,0
OG0002724,14,5,5,6,1
OG0002740,13,6,1,1,0
OG0002756,4,6,6,5,0
OG0002758,3,0,0,0,0
OG0002766,14,6,4,1,4
OG0002767,14,6,6,6,0
OG0002768,14,6,6,4,0
OG0002769,14,6,6,6,0
OG0002779,13,6,6,6,4
OG0002781,14,5,5,6,3
OG0002783,14,5,2,1,0
OG0002784,14,6,6,6,5
OG0002785,14,6,4,6,0
OG0002786,14,6,6,5,0
OG0002787,14,6,5,4,3
OG0002798,13,6,6,6,0
OG0002803,14,6,5,6,0
OG0002804,14,6,4,6,1
OG0002811,14,6,6,6,0
OG0002812,14,6,6,6,5
OG0002816,14,6,6,3,0
OG0002819,14,6,6,6,0
OG0002826,14,5,6,4,0
OG0002831,13,5,4,1,0
OG0002832,13,6,6,6,0
OG0002833,14,6,3,0,0
OG0002847,14,6,6,5,0
OG0002856,14,6,6,6,0
OG0002858,14,4,3,1,0
OG0002861,14,6,6,6,0
OG0002877,14,6,6,3,0
OG0002881,14,5,6,5,0
OG0002885,14,6,6,6,0
OG0002897,13,6,5,6,5
OG0002902,14,2,3,0,0
OG0002908,14,6,3,2,0
OG0002910,13,4,4,5,0
OG0002911,14,6,6,6,0
OG0002915,14,6,6,6,0
OG0002924,14,6,5,6,0
OG0002929,14,6,5,6,0
OG0002931,14,6,5,3,0
OG0002933,14,5,5,5,5
OG0002936,13,6,6,6,5
OG0002937,12,1,0,0,0
OG0002943,14,6,6,6,1
OG0002944,14,6,5,6,0
OG0002946,14,5,5,6,0
OG0002950,14,6,5,6,0
OG0002951,14,3,1,0,0
OG0002953,12,0,0,0,0
OG0002959,14,6,5,6,5
OG0002965,14,6,4,6,0
OG0002968,13,5,4,5,0
OG0002978,13,5,4,4,0
OG0002979,14,6,5,6,0
OG0002980,14,6,6,6,5
OG0002982,14,5,1,0,0
OG0002986,14,6,4,6,0
OG0002990,14,6,6,4,0
OG0002991,14,6,5,5,0
OG0002992,14,6,6,6,0
OG0002993,14,6,5,6,0
OG0003007,0,1,1,0,0
OG0003009,9,0,0,0,0
OG0003011,14,6,5,6,0
OG0003026,14,6,4,4,1
OG0003028,13,2,0,0,0
OG0003029,14,6,4,0,0
OG0003031,14,3,1,0,0
OG0003032,14,6,6,5,0
OG0003036,13,6,5,6,0
OG0003041,13,4,6,3,0
OG0003045,13,3,2,1,0
OG0003046,14,6,5,6,0
OG0003047,14,6,6,6,5
OG0003053,14,6,5,1,4
OG0003058,14,6,6,6,5
OG0003067,14,6,6,6,0
OG0003068,13,6,5,6,5
OG0003070,13,6,6,1,0
OG0003072,14,6,4,1,0
OG0003076,14,6,6,4,5
OG0003078,14,6,6,6,0
OG0003079,13,6,3,0,0
OG0003081,14,6,6,5,0
OG0003096,14,6,5,3,0
OG0003101,14,5,5,6,3
OG0003102,14,6,6,5,0
OG0003105,14,6,6,6,5
OG0003106,14,6,6,4,2
OG0003110,12,5,1,0,0
OG0003112,14,6,4,5,0
OG0003114,14,5,0,1,0
OG0003116,13,6,6,6,5
OG0003117,14,6,6,6,0
OG0003134,14,5,6,6,0
OG0003138,13,5,5,5,0
OG0003142,14,6,5,6,0
OG0003148,14,6,6,6,0
OG0003149,14,5,6,6,0
OG0003154,14,6,6,6,0
OG0003155,14,6,6,1,0
OG0003160,14,6,0,0,0
OG0003183,14,6,6,5,2
OG0003184,14,6,5,6,5
OG0003189,14,5,5,6,0
OG0003195,14,6,5,5,0
OG0003197,14,5,5,0,0
OG0003202,12,0,0,0,0
OG0003203,13,6,4,6,0
OG0003204,14,6,5,6,0
OG0003208,13,6,6,6,0
OG0003213,14,5,1,0,0
OG0003215,14,6,5,5,0
OG0003219,14,6,5,6,0
OG0003221,14,6,5,5,0
OG0003222,14,4,5,5,2
OG0003225,14,6,6,6,4
OG0003226,13,6,5,6,0
OG0003229,14,5,4,5,0
OG0003232,14,6,4,2,0
OG0003235,12,0,0,0,0
OG0003237,14,6,3,5,0
OG0003249,14,5,5,5,0
OG0003251,14,6,3,1,0
OG0003253,14,6,5,5,0
OG0003268,14,5,5,5,0
OG0003273,13,6,6,0,0
OG0003277,12,6,6,6,0
OG0003281,3,0,0,0,0
OG0003293,14,6,4,6,0
OG0003296,14,6,5,4,0
OG0003297,14,6,1,1,0
OG0003307,14,3,6,5,0
OG0003313,5,6,6,5,0
OG0003315,14,6,6,6,1
OG0003318,14,2,2,0,0
OG0003324,5,0,0,0,0
OG0003332,12,6,3,0,0
OG0003337,14,5,6,6,4
OG0003340,14,6,6,6,0
OG0003342,14,6,5,2,0
OG0003346,14,6,6,6,0
OG0003348,14,6,6,6,3
OG0003351,14,6,6,6,1
OG0003353,14,6,5,5,0
OG0003354,14,6,4,6,0
OG0003362,14,5,6,6,0
OG0003366,6,0,0,0,0
OG0003374,14,6,6,6,0
OG0003379,13,6,6,6,0
OG0003386,4,1,0,0,0
OG0003398,14,6,6,6,1
OG0003409,14,6,6,6,0
OG0003411,13,6,6,6,0
OG0003417,14,6,5,4,0
OG0003421,10,0,0,0,0
OG0003423,14,6,6,6,0
OG0003424,13,6,5,6,0
OG0003433,14,6,6,6,0
OG0003446,14,6,6,6,0
OG0003455,14,6,6,6,5
OG0003458,14,6,6,6,5
OG0003467,14,6,6,4,0
OG0003469,14,6,5,3,0
OG0003472,14,6,5,3,0
OG0003483,7,0,0,0,0
OG0003493,14,4,5,5,0
OG0003497,14,6,6,6,4
OG0003503,14,5,4,5,0
OG0003504,13,6,4,3,0
OG0003505,14,6,6,6,0
OG0003511,14,5,3,0,2
OG0003512,13,6,3,2,0
OG0003513,14,5,0,0,0
OG0003518,14,6,6,6,0
OG0003526,14,6,6,2,0
OG0003531,13,6,5,4,4
OG0003532,11,5,4,6,5
OG0003534,13,6,5,6,0
OG0003537,13,6,6,6,0
OG0003543,14,6,5,3,0
OG0003544,14,6,6,6,5
OG0003548,14,6,4,4,0
OG0003555,14,6,6,6,2
OG0003559,14,5,3,6,0
OG0003561,14,6,6,6,0
OG0003566,14,6,4,2,0
OG0003568,14,4,5,4,0
OG0003570,13,4,5,6,0
OG0003573,14,6,6,4,0
OG0003580,10,0,0,0,0
OG0003582,3,0,0,0,0
OG0003596,11,2,2,1,0
OG0003602,14,6,5,6,5
OG0003603,13,5,6,5,0
OG0003607,13,6,5,6,0
OG0003611,14,6,5,6,0
OG0003612,14,6,6,6,0
OG0003614,14,5,6,6,5
OG0003615,14,6,6,6,0
OG0003618,14,5,6,5,0
OG0003624,14,3,5,4,0
OG0003627,13,5,4,5,1
OG0003628,14,6,5,0,0
OG0003632,14,6,4,1,0
OG0003635,14,6,4,5,0
OG0003641,13,2,0,1,0
OG0003643,14,6,4,6,0
OG0003649,14,6,5,6,0
OG0003650,14,5,4,0,0
OG0003655,14,5,6,6,0
OG0003663,14,6,5,6,0
OG0003664,13,6,6,6,0
OG0003665,14,4,5,5,0
OG0003674,14,5,6,6,0
OG0003682,14,6,4,1,0
OG0003683,14,6,6,5,0
OG0003684,14,6,6,5,4
OG0003685,14,6,5,6,0
OG0003704,3,0,0,0,0
OG0003712,14,5,5,6,0
OG0003714,14,6,3,0,0
OG0003716,14,6,6,6,0
OG0003721,14,6,5,6,0
OG0003724,11,3,2,1,0
OG0003728,14,4,5,3,0
OG0003732,14,6,5,6,5
OG0003733,14,6,6,5,0
OG0003747,14,6,6,6,0
OG0003753,13,6,4,2,0
OG0003755,14,5,5,6,0
OG0003764,14,6,6,4,1
OG0003765,14,5,6,6,0
OG0003774,14,6,4,3,0
OG0003784,14,6,6,2,0
OG0003792,14,6,5,1,0
OG0003795,14,6,6,6,0
OG0003796,14,6,5,4,5
OG0003798,14,6,6,6,0
OG0003799,14,6,5,4,0
OG0003803,12,6,3,0,5
OG0003806,14,6,4,6,1
OG0003810,14,6,5,6,5
OG0003840,13,3,0,0,0
OG0003842,14,6,3,4,0
OG0003846,14,6,6,6,0
OG0003847,14,6,6,6,0
OG0003848,14,6,5,5,0
OG0003856,14,4,2,0,0
OG0003861,14,6,6,6,0
OG0003865,14,6,3,2,1
OG0003866,8,0,0,0,0
OG0003869,14,6,6,6,5
OG0003872,13,6,6,4,0
OG0003877,14,6,5,6,0
OG0003878,13,6,6,5,0
OG0003880,13,6,5,6,0
OG0003881,14,6,6,6,0
OG0003889,14,6,6,6,5
OG0003893,14,6,5,5,0
OG0003895,14,5,6,3,0
OG0003898,14,6,5,6,0
OG0003902,14,6,6,6,5
OG0003906,14,6,6,6,1
OG0003917,14,6,6,6,5
OG0003924,12,4,2,0,0
OG0003925,14,5,5,6,3
OG0003938,13,5,5,5,0
OG0003940,14,6,5,6,0
OG0003943,14,6,4,5,0
OG0003946,14,6,6,6,0
OG0003947,14,6,6,6,0
OG0003948,10,0,0,0,0
OG0003960,13,5,5,5,0
OG0003974,14,6,5,6,0
OG0003983,14,6,5,6,0
OG0003984,14,6,6,6,0
OG0004010,14,5,3,0,0
OG0004021,14,6,6,6,5
OG0004029,14,6,4,5,0
OG0004041,10,0,0,0,0
OG0004042,13,6,1,1,0
OG0004043,14,5,6,5,5
OG0004044,14,6,5,6,0
OG0004048,13,4,3,0,0
OG0004065,14,6,6,6,0
OG0004066,14,6,6,4,5
OG0004069,12,6,5,6,0
OG0004071,14,6,3,0,0
OG0004073,14,6,6,6,0
OG0004074,13,6,6,3,0
OG0004075,14,6,5,4,0
OG0004079,14,6,6,6,0
OG0004086,13,6,6,4,0
OG0004096,14,5,3,0,1
OG0004099,13,5,6,3,0
OG0004116,14,5,5,6,0
OG0004124,14,6,5,6,0
OG0004125,14,6,5,6,0
OG0004136,14,6,6,6,0
OG0004140,14,6,6,6,0
OG0004144,13,6,6,6,0
OG0004146,14,6,6,6,0
OG0004151,14,6,5,6,0
OG0004163,14,6,6,4,0
OG0004164,14,6,5,6,0
OG0004166,14,6,6,3,4
OG0004168,14,6,5,6,0
OG0004170,14,4,4,4,1
OG0004172,13,6,6,5,0
OG0004178,14,6,6,6,3
OG0004179,12,0,0,0,0
OG0004195,14,5,3,3,0
OG0004197,14,5,0,0,0
OG0004198,14,6,6,6,0
OG0004202,14,6,5,1,0
OG0004218,14,6,4,4,0
OG0004219,14,6,5,6,1
OG0004222,14,6,5,6,0
OG0004224,14,6,4,6,0
OG0004226,13,6,6,6,0
OG0004236,14,6,6,6,0
OG0004238,14,6,5,6,0
OG0004244,14,6,5,4,1
OG0004246,14,6,6,6,0
OG0004252,14,6,6,5,2
OG0004254,14,6,4,4,0
OG0004274,13,6,5,6,0
OG0004276,14,6,4,1,0
OG0004282,14,3,1,0,0
OG0004283,14,5,6,5,1
OG0004287,11,0,0,0,0
OG0004293,14,6,6,6,0
OG0004294,13,6,4,6,0
OG0004299,14,5,5,5,0
OG0004300,14,5,6,6,0
OG0004304,14,6,4,4,0
OG0004311,14,6,4,6,0
OG0004312,14,6,5,5,0
OG0004333,14,6,6,4,0
OG0004335,14,5,5,5,0
OG0004338,14,4,2,2,0
OG0004342,14,6,6,6,5
OG0004346,13,6,6,5,0
OG0004348,14,6,3,4,0
OG0004350,13,5,5,5,0
OG0004355,13,6,5,6,0
OG0004360,14,6,5,6,0
OG0004362,14,6,4,3,0
OG0004369,14,5,4,2,0
OG0004380,14,6,5,6,0
OG0004388,12,6,4,0,0
OG0004389,14,6,5,5,0
OG0004396,14,6,6,6,4
OG0004405,14,6,5,6,0
OG0004406,14,6,6,6,0
OG0004408,14,5,5,6,5
OG0004412,14,6,6,6,0
OG0004417,14,5,5,5,0
OG0004418,14,6,6,6,0
OG0004426,7,0,0,0,0
OG0004449,14,6,6,4,0
OG0004454,14,6,4,6,0
OG0004475,13,6,6,6,0
OG0004476,14,6,3,5,0
OG0004482,14,6,5,0,0
OG0004486,12,5,0,0,0
OG0004487,14,6,5,5,0
OG0004493,14,6,6,6,0
OG0004503,12,4,4,6,0
OG0004514,14,6,5,6,0
OG0004519,14,6,5,6,5
OG0004527,14,5,2,0,0
OG0004532,12,6,5,6,5
OG0004540,14,6,6,6,0
OG0004547,14,5,4,0,0
OG0004548,14,6,5,6,0
OG0004549,14,6,6,6,0
OG0004559,14,6,5,6,0
OG0004561,14,6,5,3,0
OG0004569,13,6,5,6,0
OG0004572,14,6,5,6,0
OG0004573,13,6,5,5,0
OG0004579,11,6,3,4,2
OG0004584,10,1,0,0,0
OG0004597,14,6,5,2,0
OG0004601,14,6,6,6,0
OG0004606,14,4,4,6,0
OG0004610,14,5,5,0,0
OG0004611,14,6,5,5,0
OG0004614,14,6,6,6,0
OG0004618,14,5,4,6,0
OG0004619,14,5,3,2,0
OG0004625,14,2,2,0,0
OG0004629,14,6,6,6,5
OG0004633,14,6,5,5,0
OG0004638,14,6,5,6,0
OG0004642,14,6,6,6,0
OG0004648,14,5,0,0,0
OG0004650,14,6,5,6,0
OG0004655,14,4,5,5,0
OG0004657,14,6,4,2,0
OG0004661,13,6,5,6,0
OG0004662,14,6,6,5,1
OG0004674,13,6,5,3,0
OG0004682,14,6,5,6,1
OG0004683,6,1,0,0,0
OG0004686,14,6,6,5,0
OG0004687,13,5,6,6,0
OG0004695,14,6,6,6,5
OG0004707,14,6,6,4,0
OG0004708,14,6,5,4,2
OG0004712,14,6,6,6,0
OG0004713,14,6,4,5,0
OG0004716,14,6,6,6,0
OG0004718,14,5,3,0,1
OG0004720,14,5,6,5,0
OG0004722,14,6,6,6,0
OG0004723,14,6,5,6,0
OG0004728,12,6,0,0,0
OG0004735,13,6,5,4,0
OG0004737,14,5,5,6,0
OG0004738,14,6,5,6,0
OG0004763,6,0,0,0,0
OG0004780,13,6,6,6,0
OG0004781,13,6,3,0,0
OG0004789,14,5,0,0,0
OG0004793,13,4,4,4,0
OG0004795,14,6,3,3,0
OG0004797,14,6,6,5,0
OG0004799,14,5,5,5,0
OG0004805,13,5,1,0,0
OG0004806,14,5,4,2,1
OG0004809,14,6,4,6,0
OG0004815,13,6,2,1,0
OG0004821,14,3,3,1,0
OG0004823,13,6,6,6,5
OG0004831,14,6,3,0,1
OG0004834,14,5,6,4,0
OG0004835,14,5,6,1,0
OG0004838,14,5,5,6,0
OG0004846,14,6,6,4,0
OG0004848,14,6,4,5,1
OG0004859,14,6,4,5,0
OG0004866,14,6,5,6,0
OG0004869,13,5,3,3,0
OG0004870,12,3,2,0,0
OG0004892,14,6,6,6,0
OG0004894,14,6,6,6,0
OG0004900,14,6,5,6,0
OG0004903,14,6,6,4,0
OG0004905,14,5,6,6,0
OG0004909,10,0,0,0,0
OG0004923,14,6,6,5,0
OG0004924,13,6,5,5,0
OG0004927,11,5,2,1,0
OG0004929,6,0,0,0,0
OG0004941,14,6,6,5,3
OG0004960,13,6,4,4,0
OG0004966,14,6,4,6,0
OG0004967,13,6,5,2,0
OG0004968,14,6,6,6,0
OG0004971,14,6,6,6,0
OG0004972,14,3,0,0,0
OG0004974,14,3,6,6,0
OG0004988,14,5,5,5,0
OG0004997,13,6,6,2,0
OG0004999,13,6,4,5,0
OG0005001,14,6,6,6,5
OG0005006,13,4,3,1,0
OG0005009,13,5,5,3,0
OG0005012,14,6,6,3,0
OG0005013,14,6,6,6,0
OG0005020,11,3,1,1,1
OG0005025,14,5,1,2,1
OG0005030,14,6,4,6,0
OG0005031,13,5,1,0,0
OG0005033,13,6,5,6,0
OG0005041,14,6,5,6,0
OG0005043,9,0,0,0,0
OG0005050,14,6,6,6,0
OG0005059,14,6,6,5,0
OG0005060,14,6,5,4,0
OG0005062,13,5,4,5,0
OG0005065,14,6,6,6,0
OG0005067,14,6,4,3,0
OG0005069,13,5,6,5,0
OG0005075,14,6,5,6,0
OG0005076,14,6,5,4,0
OG0005080,14,5,6,6,0
OG0005081,14,6,5,5,0
OG0005092,14,6,4,0,0
OG0005095,14,6,5,5,0
OG0005098,12,6,6,4,0
OG0005108,13,3,0,0,0
OG0005109,14,5,6,2,0
OG0005110,14,6,6,6,0
OG0005144,14,6,5,4,0
OG0005148,13,6,2,0,0
OG0005151,14,6,5,0,0
OG0005168,14,5,4,6,0
OG0005171,14,5,6,0,0
OG0005172,14,6,5,2,0
OG0005178,14,3,4,5,0
OG0005184,14,6,5,6,0
OG0005188,14,6,6,4,0
OG0005189,14,3,2,1,0
OG0005192,12,6,4,3,0
OG0005193,14,5,6,4,4
OG0005197,14,6,3,5,0
OG0005206,13,5,6,6,0
OG0005208,14,6,5,6,0
OG0005209,14,6,6,6,0
OG0005211,13,5,4,6,5
OG0005218,14,5,5,6,0
OG0005238,14,6,6,6,0
OG0005248,14,2,3,0,0
OG0005249,14,6,5,4,5
OG0005250,14,6,6,6,0
OG0005252,13,6,6,5,0
OG0005253,13,6,6,6,0
OG0005256,14,5,0,0,0
OG0005257,13,5,5,6,0
OG0005258,8,0,1,1,0
OG0005261,14,6,6,6,5
OG0005262,13,6,3,6,0
OG0005267,14,6,4,1,0
OG0005269,14,6,5,6,0
OG0005272,12,6,4,3,0
OG0005277,13,6,5,4,0
OG0005289,14,4,6,4,0
OG0005290,14,6,6,6,0
OG0005302,14,4,5,5,0
OG0005315,14,6,5,3,0
OG0005322,13,6,6,6,4
OG0005323,13,6,6,0,0
OG0005357,14,6,6,5,0
OG0005371,14,5,4,3,0
OG0005378,14,5,6,6,0
OG0005380,12,6,5,5,0
OG0005393,14,6,5,6,0
OG0005403,14,4,4,0,0
OG0005405,14,5,0,0,0
OG0005408,14,6,4,2,0
OG0005412,14,6,5,6,0
OG0005419,14,6,5,6,0
OG0005439,14,6,2,3,0
OG0005444,13,6,5,6,1
OG0005445,14,5,5,5,2
OG0005452,8,0,1,0,0
OG0005456,14,6,5,4,0
OG0005468,14,6,5,5,0
OG0005472,14,6,5,6,0
OG0005478,14,6,6,4,0
OG0005484,14,6,4,0,0
OG0005491,14,5,5,5,0
OG0005493,14,3,5,2,0
OG0005512,3,0,0,0,0
OG0005513,12,3,1,1,5
OG0005529,13,3,1,0,0
OG0005532,14,5,6,5,0
OG0005536,14,6,6,4,0
OG0005537,14,5,4,5,0
OG0005540,13,6,6,6,0
OG0005551,14,6,5,0,1
OG0005554,14,5,6,4,0
OG0005565,14,6,4,5,0
OG0005569,14,4,6,3,0
OG0005571,14,6,6,5,0
OG0005572,14,5,5,6,0
OG0005585,14,6,5,4,0
OG0005586,14,6,6,6,0
OG0005590,14,6,4,5,0
OG0005602,14,4,6,4,0
OG0005604,14,6,5,6,3
OG0005618,14,6,4,2,0
OG0005624,12,6,5,6,0
OG0005626,14,6,6,6,0
OG0005636,14,5,6,5,0
OG0005638,14,5,4,4,0
OG0005645,11,6,5,5,0
OG0005652,14,5,6,5,0
OG0005657,14,6,6,6,1
OG0005667,14,5,5,5,0
OG0005671,13,4,2,0,0
OG0005678,14,6,5,6,0
OG0005679,14,6,4,4,0
OG0005686,13,6,6,5,0
OG0005691,13,5,5,0,0
OG0005693,3,0,0,0,0
OG0005695,8,0,0,0,0
OG0005719,14,4,6,6,0
OG0005723,14,5,6,6,0
OG0005732,14,6,5,4,4
OG0005737,12,5,6,6,0
OG0005739,14,6,5,6,0
OG0005740,14,6,5,2,0
OG0005748,10,0,0,0,0
OG0005752,14,6,5,5,0
OG0005757,14,6,6,4,0
OG0005762,14,6,3,6,0
OG0005765,13,6,2,1,0
OG0005767,14,4,5,2,0
OG0005775,14,6,5,5,0
OG0005776,14,5,6,6,0
OG0005778,14,4,3,1,0
OG0005782,14,6,6,6,0
OG0005793,12,5,5,4,0
OG0005798,13,6,6,5,0
OG0005804,14,6,4,0,0
OG0005806,14,6,5,4,0
OG0005811,14,6,5,5,0
OG0005814,14,5,3,3,0
OG0005817,13,6,6,1,0
OG0005820,14,4,3,3,0
OG0005833,14,6,4,6,0
OG0005852,10,0,0,0,0
OG0005854,14,6,4,6,0
OG0005862,14,6,3,4,0
OG0005887,14,4,1,0,0
OG0005898,13,5,5,6,0
OG0005899,13,6,2,0,0
OG0005904,14,6,5,6,0
OG0005911,14,4,0,0,0
OG0005914,14,6,5,1,0
OG0005916,12,5,4,1,0
OG0005917,13,6,4,5,0
OG0005920,14,5,5,6,0
OG0005921,13,5,4,5,0
OG0005929,13,6,6,5,0
OG0005945,13,6,5,6,0
OG0005951,14,6,5,5,0
OG0005963,14,4,5,6,0
OG0005977,14,6,6,4,0
OG0005985,14,6,6,4,0
OG0005991,14,6,6,6,0
OG0005993,14,6,6,6,0
OG0005995,11,6,6,6,1
OG0006005,14,6,5,3,0
OG0006015,13,6,5,6,0
OG0006016,13,5,6,4,0
OG0006022,13,6,6,3,0
OG0006037,12,6,6,5,5
OG0006040,7,0,0,0,0
OG0006058,14,4,6,4,0
OG0006063,10,3,0,0,0
OG0006067,14,5,5,0,0
OG0006073,14,6,6,6,0
OG0006074,14,5,1,0,0
OG0006076,14,6,5,6,0
OG0006089,13,6,5,6,0
OG0006091,14,6,5,6,0
OG0006097,14,6,4,6,0
OG0006098,12,0,0,0,0
OG0006100,14,6,5,4,0
OG0006108,13,4,2,0,0
OG0006117,8,0,0,0,0
OG0006122,12,5,0,1,0
OG0006129,14,5,5,6,0
OG0006130,14,6,6,6,0
OG0006140,14,6,6,0,0
OG0006141,11,6,3,2,0
OG0006143,10,6,4,6,1
OG0006144,14,5,3,6,0
OG0006160,12,6,4,5,0
OG0006169,14,6,5,3,0
OG0006173,11,0,0,0,0
OG0006195,14,6,5,5,0
OG0006200,14,6,5,5,0
OG0006202,14,6,6,5,0
OG0006204,14,5,3,1,4
OG0006208,14,6,6,6,0
OG0006213,14,4,6,6,0
OG0006215,14,6,6,4,0
OG0006247,12,4,0,0,0
OG0006250,11,0,0,0,0
OG0006253,14,6,5,0,0
OG0006254,14,2,2,0,0
OG0006257,14,4,1,0,0
OG0006264,10,0,0,0,0
OG0006265,13,6,6,4,0
OG0006268,14,6,6,4,0
OG0006292,14,6,5,0,0
OG0006293,14,6,5,6,0
OG0006295,14,3,1,0,1
OG0006300,14,5,2,4,0
OG0006305,14,6,5,2,0
OG0006308,13,4,4,5,5
OG0006316,14,6,6,5,0
OG0006318,14,6,3,6,0
OG0006322,14,6,5,6,0
OG0006338,14,6,5,4,0
OG0006341,12,5,6,0,5
OG0006345,14,6,5,5,0
OG0006349,13,6,6,3,0
OG0006352,14,6,4,6,0
OG0006372,13,3,0,0,0
OG0006374,14,6,4,2,0
OG0006376,14,5,6,6,0
OG0006382,14,6,5,1,0
OG0006411,10,0,0,0,0
OG0006413,14,5,5,6,0
OG0006416,14,6,4,4,0
OG0006419,14,5,5,6,0
OG0006431,13,3,0,0,0
OG0006432,14,6,6,6,0
OG0006437,14,5,4,6,0
OG0006439,13,6,4,6,5
OG0006441,14,6,5,6,0
OG0006459,12,3,0,0,0
OG0006465,14,6,5,4,0
OG0006468,13,1,4,0,0
OG0006469,14,6,6,6,0
OG0006475,14,6,5,5,0
OG0006476,14,6,6,6,0
OG0006492,14,6,4,3,4
OG0006493,13,6,6,6,0
OG0006507,14,4,5,2,0
OG0006509,13,6,3,2,0
OG0006513,12,0,0,0,0
OG0006514,13,5,3,2,0
OG0006524,14,6,6,1,0
OG0006530,14,6,4,5,0
OG0006531,13,4,2,3,0
OG0006545,10,6,6,5,4
OG0006547,6,0,0,0,0
OG0006549,5,0,0,0,0
OG0006586,14,6,5,5,0
OG0006590,14,5,5,6,0
OG0006596,13,6,5,4,0
OG0006605,13,4,0,0,0
OG0006614,14,6,4,5,0
OG0006615,14,6,5,1,0
OG0006616,13,6,5,4,0
OG0006617,13,2,0,0,0
OG0006618,14,6,3,1,0
OG0006621,12,5,2,2,0
OG0006623,13,6,5,5,1
OG0006630,14,5,3,2,0
OG0006636,14,6,4,6,0
OG0006641,13,6,3,4,0
OG0006649,14,6,4,5,0
OG0006653,13,6,4,4,0
OG0006656,13,6,4,0,0
OG0006659,14,5,2,0,0
OG0006672,13,6,4,5,0
OG0006674,14,5,5,1,0
OG0006675,14,6,6,2,0
OG0006695,4,1,0,0,0
OG0006701,12,6,5,0,0
OG0006703,4,0,1,0,0
OG0006743,12,6,3,3,0
OG0006747,11,6,6,6,0
OG0006759,12,4,5,0,5
OG0006764,14,6,2,0,0
OG0006771,14,6,4,1,0
OG0006776,13,6,0,0,0
OG0006778,14,6,5,2,1
OG0006782,12,0,0,0,0
OG0006783,14,6,3,0,0
OG0006803,14,6,5,4,0
OG0006804,9,5,3,4,0
OG0006806,13,5,4,0,0
OG0006807,14,6,6,4,0
OG0006815,12,5,6,6,0
OG0006816,14,3,5,6,0
OG0006818,12,6,5,1,0
OG0006821,13,6,5,0,0
OG0006823,10,0,0,0,0
OG0006824,10,0,0,0,0
OG0006826,12,6,5,4,0
OG0006827,14,6,6,0,0
OG0006830,13,4,3,6,0
OG0006831,14,5,6,4,0
OG0006850,3,0,0,0,0
OG0006897,14,5,5,4,0
OG0006903,14,4,3,1,0
OG0006905,14,6,4,6,0
OG0006914,14,4,1,0,0
OG0006919,14,0,0,0,0
OG0006920,14,4,3,0,0
OG0006930,14,6,3,0,0
OG0006931,14,5,5,5,0
OG0006935,14,6,4,0,1
OG0006946,11,0,0,0,0
OG0006948,13,3,5,5,0
OG0006954,14,5,2,0,0
OG0006958,13,2,0,0,0
OG0006963,10,0,0,0,0
OG0006973,14,5,4,6,0
OG0006978,13,4,2,1,0
OG0006981,14,5,1,0,0
OG0007010,9,5,5,3,0
OG0007016,3,0,0,0,0
OG0007045,12,2,0,0,0
OG0007058,11,1,5,0,0
OG0007060,11,0,0,0,0
OG0007063,14,4,6,6,0
OG0007074,14,1,0,0,0
OG0007082,14,5,0,0,0
OG0007088,14,5,5,6,0
OG0007109,14,3,0,0,0
OG0007120,14,6,4,4,1
OG0007124,14,6,2,2,0
OG0007130,13,6,3,5,0
OG0007139,13,6,5,3,0
OG0007186,10,2,3,0,5
OG0007189,14,3,6,2,0
OG0007192,13,4,4,6,0
OG0007196,8,0,0,0,0
OG0007198,9,5,2,4,0
OG0007202,12,3,5,1,0
OG0007209,13,3,0,0,0
OG0007211,13,5,4,1,0
OG0007217,14,5,2,1,0
OG0007223,14,4,4,5,0
OG0007238,14,5,2,0,0
OG0007242,12,0,0,0,0
OG0007243,12,3,3,5,1
OG0007246,13,3,2,2,0
OG0007247,14,4,2,4,0
OG0007249,13,4,2,0,0
OG0007256,14,5,5,4,0
OG0007257,14,5,0,0,0
OG0007261,13,5,3,6,0
OG0007263,13,3,4,2,0
OG0007270,14,6,3,2,0
OG0007271,14,3,0,0,0
OG0007273,12,6,3,3,0
OG0007329,12,5,5,4,0
OG0007336,13,5,4,1,0
OG0007343,12,0,0,0,0
OG0007349,14,6,4,0,0
OG0007358,13,0,0,0,0
OG0007367,12,4,4,0,0
OG0007382,13,3,5,0,0
OG0007385,13,6,4,1,0
OG0007389,12,6,0,0,0
OG0007393,3,4,0,0,0
OG0007449,14,3,5,2,0
OG0007450,9,1,1,0,0
OG0007468,10,5,2,0,0
OG0007469,14,6,2,1,0
OG0007478,10,0,0,0,0
OG0007482,12,0,0,0,0
OG0007484,13,4,2,0,0
OG0007495,10,0,0,0,0
OG0007512,14,5,0,0,0
OG0007518,13,4,4,0,0
OG0007522,12,6,5,3,0
OG0007545,12,4,5,2,0
OG0007546,9,0,0,0,0
OG0007592,12,6,4,2,0
OG0007595,12,5,1,0,0
OG0007598,12,4,2,0,0
OG0007621,12,5,5,0,0
OG0007625,14,3,6,3,0
OG0007627,9,0,0,0,0
OG0007628,13,4,5,1,0
OG0007629,12,4,5,3,0
OG0007650,14,5,3,2,0
OG0007655,13,4,3,3,0
OG0007743,14,3,2,0,0
OG0007745,13,4,0,0,0
OG0007751,13,3,2,1,1
OG0007771,13,5,4,2,0
OG0007778,14,4,2,4,0
OG0007827,4,0,0,0,0
OG0007829,3,0,0,0,0
OG0007837,7,1,1,1,5
OG0007901,11,5,0,0,0
OG0007904,11,0,0,0,0
OG0007909,13,6,3,0,0
OG0007921,13,0,0,0,0
OG0007926,10,3,0,0,0
OG0007927,14,5,0,1,0
OG0007928,10,0,0,0,0
OG0007932,13,1,0,0,0
OG0007941,14,0,0,0,0
OG0007954,14,5,3,0,0
OG0007964,1,6,1,2,0
OG0007969,12,6,3,1,1
OG0007982,5,0,0,0,0
OG0007991,2,0,0,0,0
OG0008044,13,1,0,0,0
OG0008045,14,3,1,0,1
OG0008049,12,4,3,3,0
OG0008059,13,6,1,0,0
OG0008065,12,3,4,0,0
OG0008077,12,0,0,0,0
OG0008080,13,0,0,0,0
OG0008112,13,6,2,3,0
OG0008119,9,3,0,0,0
OG0008144,9,0,0,0,0
OG0008146,3,0,0,0,0
OG0008148,5,0,0,0,0
OG0008149,10,0,0,0,0
OG0008219,13,3,0,0,0
OG0008220,13,3,2,0,0
OG0008225,13,1,0,0,0
OG0008230,14,3,1,2,0
OG0008233,12,4,4,0,0
OG0008241,11,4,2,0,1
OG0008262,13,2,0,0,0
OG0008267,14,3,0,0,0
OG0008268,11,0,0,0,0
OG0008274,13,2,1,0,0
OG0008313,13,6,2,0,0
OG0008316,3,0,0,0,0
OG0008383,12,0,0,0,0
OG0008392,13,0,0,0,0
OG0008410,11,4,4,2,0
OG0008421,13,3,4,4,0
OG0008553,12,2,0,0,0
OG0008566,10,0,0,0,0
OG0008570,12,0,0,0,0
OG0008571,14,5,1,0,0
OG0008572,12,0,0,0,0
OG0008573,11,0,0,0,0
OG0008576,12,0,0,0,0
OG0008581,14,0,1,0,0
OG0008586,9,3,3,3,0
OG0008588,14,4,0,0,0
OG0008618,3,0,0,0,0
OG0008690,14,2,0,0,0
OG0008692,14,1,3,0,0
OG0008696,10,0,0,0,0
OG0008701,12,0,0,0,0
OG0008705,12,3,0,0,0
OG0008717,10,0,0,0,0
OG0008720,8,5,3,1,0
OG0008736,14,5,2,0,0
OG0008741,14,4,0,0,0
OG0008742,14,1,0,1,0
OG0008777,3,0,0,0,0
OG0008780,4,0,0,0,0
OG0008864,6,0,1,1,0
OG0008886,11,0,0,0,0
OG0008894,10,0,0,0,0
OG0008920,11,0,0,0,0
OG0008921,11,0,0,0,0
OG0008963,3,0,0,0,0
OG0008965,11,3,0,0,0
OG0009005,0,3,1,4,0
OG0009065,12,5,1,1,0
OG0009067,8,0,0,0,0
OG0009077,10,0,0,0,0
OG0009079,14,4,0,0,0
OG0009080,12,3,0,0,0
OG0009092,12,0,0,0,0
OG0009094,10,2,1,0,0
OG0009131,10,3,0,0,0
OG0009137,5,1,0,0,0
OG0009138,8,0,0,0,0
OG0009144,4,0,0,0,0
OG0009249,8,0,0,0,0
OG0009258,10,0,0,0,0
OG0009266,12,0,0,0,0
OG0009285,9,2,0,0,0
OG0009304,8,6,2,2,0
OG0009322,9,0,0,0,0
OG0009329,3,0,0,0,0
OG0009335,3,0,0,0,0
OG0009374,0,4,1,4,5
OG0009433,12,0,0,0,0
OG0009443,10,0,0,0,0
OG0009444,9,0,0,0,0
OG0009454,8,0,0,0,0
OG0009463,8,0,0,0,0
OG0009468,12,0,0,0,0
OG0009470,13,1,1,1,0
OG0009471,11,0,0,0,0
OG0009472,11,0,0,0,0
OG0009487,12,1,0,0,0
OG0009491,12,0,0,0,0
OG0009492,9,0,0,0,0
OG0009545,12,0,0,0,0
OG0009546,9,0,0,0,0
OG0009549,3,0,0,0,0
OG0009681,12,0,0,0,0
OG0009685,12,0,0,0,0
OG0009689,4,0,0,0,0
OG0009707,13,0,0,0,0
OG0009714,11,0,1,0,0
OG0009717,10,0,0,0,0
OG0009718,10,0,0,0,0
OG0009724,8,0,0,0,0
OG0009728,10,1,3,0,0
OG0009737,13,2,0,0,0
OG0009744,12,0,1,0,0
OG0009808,2,0,0,0,0
OG0009814,7,0,1,0,0
OG0009819,3,0,0,0,0
OG0009892,2,1,1,0,0
OG0009962,10,0,0,0,0
OG0009965,13,3,0,0,0
OG0009966,13,0,0,0,0
OG0009975,12,0,0,0,0
OG0009979,10,0,0,0,0
OG0009986,13,0,0,0,0
OG0009987,13,3,0,0,0
OG0009988,9,0,0,0,0
OG0010000,11,2,0,0,0
OG0010007,8,0,0,0,0
OG0010010,8,0,0,0,0
OG0010012,13,0,0,0,0
OG0010013,10,0,0,0,0
OG0010022,14,0,0,0,0
OG0010057,9,4,1,0,0
OG0010062,2,5,3,5,0
OG0010092,3,0,0,0,0
OG0010095,9,0,0,0,0
OG0010274,12,0,0,0,0
OG0010277,11,0,1,0,0
OG0010296,10,0,0,0,0
OG0010311,12,0,0,0,0
OG0010319,13,0,0,0,0
OG0010321,12,0,0,0,0
OG0010381,9,1,0,0,0
OG0010383,3,0,0,0,0
OG0010388,3,0,0,0,0
OG0010396,7,0,0,0,0
OG0010484,4,1,0,0,0
OG0010535,1,1,0,0,0
OG0010585,12,0,0,0,0
OG0010587,10,1,0,0,0
OG0010590,9,2,2,2,0
OG0010603,12,1,0,0,0
OG0010607,11,0,0,0,0
OG0010608,4,1,1,0,0
OG0010620,11,0,0,0,0
OG0010641,10,0,0,0,0
OG0010642,12,0,0,0,0
OG0010711,3,0,0,0,0
OG0010719,3,0,0,0,0
OG0010728,9,0,0,0,0
OG0010731,5,0,0,0,0
OG0010734,3,0,0,0,0
OG0010739,2,0,0,0,0
OG0010927,10,0,0,0,0
OG0010932,11,0,0,0,0
OG0010933,11,0,0,0,0
OG0010942,11,0,0,0,0
OG0010974,10,0,0,0,0
OG0010985,12,0,0,0,0
OG0010986,8,0,0,0,0
OG0010989,12,0,0,0,0
OG0011055,9,4,1,0,0
OG0011078,3,0,0,0,0
OG0011079,9,0,0,0,0
OG0011105,4,1,1,1,0
OG0011158,1,3,5,0,0
OG0011337,12,0,0,0,0
OG0011339,10,0,0,0,0
OG0011340,10,0,0,0,0
OG0011346,10,1,0,0,0
OG0011353,10,0,0,0,0
OG0011386,9,0,0,0,0
OG0011396,9,0,1,0,0
OG0011399,10,0,0,0,0
OG0011400,8,0,0,0,0
OG0011411,7,0,0,0,0
OG0011415,12,0,0,0,0
OG0011416,7,0,0,0,0
OG0011429,5,4,0,0,0
OG0011485,7,0,0,0,0
OG0011493,6,0,0,0,0
OG0011494,3,0,0,0,0
OG0011496,6,0,0,0,0
OG0011497,2,0,0,0,0
OG0011499,3,0,0,0,0
OG0011502,4,0,0,0,0
OG0011505,6,0,0,0,0
OG0011511,4,0,0,0,0
OG0011514,4,0,0,0,0
OG0011515,3,0,0,0,0
OG0011524,9,0,0,0,0
OG0011852,6,0,0,0,0
OG0011858,7,0,0,0,0
OG0011879,11,0,0,0,0
OG0011887,10,0,0,0,0
OG0011889,10,0,0,0,0
OG0011895,10,0,0,0,0
OG0011962,6,0,0,0,0
OG0011968,3,0,0,0,0
OG0011976,5,0,0,0,0
OG0011993,6,0,0,0,0
OG0012000,7,0,0,0,0
OG0012007,6,0,0,0,0
OG0012008,3,0,0,0,0
OG0012013,3,0,0,0,0
OG0012023,3,2,1,0,0
OG0012259,0,1,0,0,0
OG0012362,8,0,0,0,0
OG0012368,8,0,0,0,0
OG0012370,9,0,0,0,0
OG0012376,7,0,0,0,0
OG0012378,10,0,0,0,0
OG0012396,10,0,0,0,0
OG0012399,9,0,0,0,0
OG0012402,11,0,0,0,0
OG0012465,6,1,0,0,0
OG0012509,2,0,0,0,0
OG0012511,3,0,0,0,0
OG0012512,6,0,0,0,0
OG0012515,6,0,0,0,0
OG0012522,3,0,0,0,0
OG0012526,8,0,0,0,0
OG0012528,2,0,0,0,0
OG0012535,3,0,0,0,0
OG0012546,5,0,0,0,0
OG0012550,6,0,0,0,0
OG0012551,9,0,0,0,0
OG0012562,9,0,0,0,0
OG0012964,8,0,0,0,0
OG0012969,9,0,0,0,0
OG0012999,8,0,0,0,0
OG0013009,9,0,0,0,0
OG0013127,3,0,0,0,0
OG0013128,3,0,0,0,0
OG0013135,3,0,0,0,0
OG0013136,3,0,0,0,0
OG0013140,4,0,0,0,0
OG0013151,3,0,0,0,0
OG0013158,3,0,0,0,0
OG0013159,3,0,0,0,0
OG0013160,3,0,0,0,0
OG0013161,3,0,0,0,0
OG0013162,9,0,0,0,0
OG0013186,3,0,0,0,0
OG0013191,7,0,0,0,0
OG0013196,1,0,0,0,0
OG0013197,1,0,0,0,0
OG0013459,3,1,0,0,0
OG0013751,8,0,0,0,0
OG0013754,7,0,0,0,0
OG0013755,8,0,0,0,0
OG0013786,6,0,0,0,0
OG0013900,3,0,0,0,0
OG0013916,2,0,0,0,0
OG0013927,3,0,0,0,0
OG0013939,3,0,0,0,0
OG0013949,2,0,0,0,0
OG0013959,1,0,0,0,0
OG0014086,3,2,0,0,0
OG0014653,8,0,0,0,0
OG0014834,3,0,0,0,0
OG0014842,3,0,0,0,0
OG0014857,6,0,0,0,0
OG0014865,3,0,0,0,0
OG0014867,3,0,0,0,0
OG0014869,4,0,0,0,0
OG0014874,7,0,0,0,0
OG0014877,6,0,0,0,0
OG0014892,7,0,0,0,0
OG0014894,3,0,0,0,0
OG0014897,3,0,0,0,0
OG0014898,3,0,0,0,0
OG0014909,3,0,0,0,0
OG0014919,6,1,0,0,0
OG0014936,7,0,0,0,0
OG0014944,3,3,0,0,0
OG0015866,7,0,0,0,0
OG0016086,2,0,0,0,0
OG0016087,2,0,0,0,0
OG0016088,3,0,0,0,0
OG0016090,3,0,0,0,0
OG0016109,3,0,0,0,0
OG0016120,2,0,0,0,0
OG0016136,2,0,0,0,0
OG0016138,2,0,0,0,0
OG0016139,2,0,0,0,0
OG0016146,4,0,0,0,0
OG0016160,3,0,0,0,0
OG0016181,3,0,0,0,0
OG0016187,7,0,0,0,0
OG0016189,1,0,0,0,0
OG0016191,2,0,0,0,0
OG0017110,3,1,0,0,0
OG0017135,0,2,0,0,0
OG0017414,5,0,0,0,0
OG0017442,5,1,0,0,0
OG0017777,3,0,0,0,0
OG0017782,3,0,0,0,0
OG0017790,2,0,0,0,0
OG0017811,3,0,0,0,0
OG0017819,2,0,0,0,0
OG0017828,3,0,0,0,0
OG0017836,2,0,0,0,0
OG0017843,2,0,0,0,0
OG0017846,3,0,0,0,0
OG0017847,6,0,0,0,0
OG0017849,3,0,0,0,0
OG0017866,3,0,0,0,0
OG0017880,3,0,0,0,0
OG0017885,5,0,0,0,0
OG0017891,3,0,0,0,0
OG0017900,2,0,0,0,0
OG0019271,0,1,0,0,0
OG0019761,1,1,2,0,0
OG0020133,3,0,0,0,0
OG0020155,3,0,0,0,0
OG0020156,3,0,0,0,0
OG0020184,2,0,0,0,0
OG0020187,3,0,0,0,0
OG0020192,3,0,0,0,0
OG0020219,2,0,0,0,0
OG0020224,3,0,0,0,0
OG0020245,3,0,0,0,0
OG0020248,2,0,0,0,0
OG0020249,3,0,0,0,0
OG0020255,3,0,0,0,0
OG0020259,3,0,0,0,0
OG0020261,3,0,0,0,0
OG0020266,2,0,0,0,0
OG0020278,3,0,0,0,0
OG0020281,3,0,0,0,0
OG0020287,3,0,0,0,0
OG0020308,3,0,0,0,0
OG0020355,3,0,0,0,0
OG0020365,4,0,0,0,0
OG0020366,3,0,0,0,0
OG0020371,2,0,0,0,0
OG0020374,2,0,0,0,0
OG0020381,1,0,0,0,0
OG0020383,4,0,0,0,0
OG0023198,4,0,0,0,0
OG0023344,4,0,0,0,0
OG0023893,3,0,0,0,0
OG0023898,3,0,0,0,0
OG0023905,2,0,0,0,0
OG0023912,3,0,0,0,0
OG0023930,3,0,0,0,0
OG0023934,4,0,0,0,0
OG0023997,3,0,0,0,0
OG0024006,3,0,0,0,0
OG0024010,3,0,0,0,0
OG0024019,3,0,0,0,0
OG0024065,4,0,0,0,0
OG0024140,3,0,0,0,0
OG0024148,3,0,0,0,0
OG0024166,3,0,0,0,0
OG0024205,3,0,0,0,0
OG0024209,3,0,0,0,0
OG0024238,4,0,0,0,0
OG0024242,2,0,0,0,0
OG0024263,3,0,0,0,0
OG0024291,3,0,0,0,0
OG0024298,2,1,0,0,0
OG0024306,2,0,0,0,0
OG0024313,1,0,0,0,0
OG0024315,1,0,0,0,0
OG0024323,2,0,0,0,0
OG0024330,1,0,1,0,0
OG0026114,2,1,0,0,0
OG0026245,0,2,1,0,0
OG0027567,0,1,2,0,0
OG0027622,0,1,0,0,0
OG0027638,1,1,0,0,0
OG0027670,0,1,0,0,0
OG0027677,0,1,0,0,0
OG0029878,3,0,0,0,0
OG0029890,2,0,0,0,0
OG0029901,3,0,0,0,0
OG0029912,2,0,0,0,0
OG0029914,3,0,0,0,0
OG0029935,2,0,0,0,0
OG0029938,3,0,0,0,0
OG0029960,3,0,0,0,0
OG0029971,2,0,0,0,0
OG0029979,3,0,0,0,0
OG0029993,3,0,0,0,0
OG0029998,3,0,0,0,0
OG0030012,3,0,0,0,0
OG0030068,2,0,0,0,0
OG0030073,3,0,0,0,0
OG0030076,2,0,0,0,0
OG0030109,3,0,0,0,0
OG0030115,3,0,0,0,0
OG0030136,3,0,0,0,0
OG0030138,3,0,0,0,0
OG0030139,2,0,0,0,0
OG0030140,3,0,0,0,0
OG0030145,2,0,0,0,0
OG0030172,3,0,0,0,0
OG0030188,3,0,0,0,0
OG0030222,2,0,0,0,0
OG0030224,3,0,0,0,0
OG0030228,3,0,0,0,0
OG0030229,3,0,0,0,0
OG0030234,3,0,0,0,0
OG0030238,3,0,0,0,0
OG0030247,2,0,0,0,0
OG0030248,2,0,0,0,0
OG0030255,3,0,0,0,0
OG0030258,3,0,0,0,0
OG0030262,2,0,0,0,0
OG0030276,2,0,0,0,0
OG0030288,3,0,0,0,0
OG0030337,3,0,0,0,0
OG0030361,2,0,0,0,0
OG0030367,3,0,0,0,0
OG0030374,3,0,0,0,0
OG0030385,3,0,0,0,0
OG0030395,3,0,0,0,0
OG0030408,2,0,0,0,0
OG0030421,3,0,0,0,0
OG0030423,3,0,0,0,0
OG0030427,3,0,0,0,0
OG0030457,3,0,0,0,0
OG0030462,3,0,0,0,0
OG0030512,2,0,0,0,0
OG0030524,3,0,0,0,0
OG0030529,3,0,0,0,0
OG0030553,1,0,0,0,0
OG0030574,2,0,1,0,0
OG0030575,2,0,0,0,0
OG0030590,3,0,0,0,0
OG0030592,2,0,0,0,0
OG0030597,2,0,0,0,0
OG0035804,0,1,0,0,0
OG0035814,0,1,0,0,0
OG0035824,0,1,0,0,0
OG0035986,0,1,0,0,0
OG0041748,1,1,0,0,0
OG0041984,2,0,0,0,0
OG0041989,2,0,0,0,0
OG0042007,2,0,0,0,0
OG0042015,2,0,0,0,0
OG0042041,2,0,0,0,0
OG0042060,2,0,0,0,0
OG0042070,2,0,0,0,0
OG0042074,2,0,0,0,0
OG0042130,2,0,0,0,0
OG0042155,2,0,0,0,0
OG0042189,2,0,0,0,0
OG0042216,2,0,0,0,0
OG0042245,2,0,0,0,0
OG0042253,2,0,0,0,0
OG0042257,2,0,0,0,0
OG0042317,2,0,0,0,0
OG0042321,2,0,0,0,0
OG0042329,2,0,0,0,0
OG0042339,2,0,0,0,0
OG0042398,2,0,0,0,0
OG0042410,2,0,0,0,0
OG0042456,2,0,0,0,0
OG0042557,2,0,0,0,0
OG0042622,2,0,0,0,0
OG0042635,2,0,0,0,0
OG0042669,2,0,0,0,0
OG0042683,2,0,0,0,0
OG0042692,2,0,0,0,0
OG0042698,2,0,0,0,0
OG0042799,2,0,0,0,0
OG0042809,1,0,0,0,0
OG0042838,1,0,0,0,0
OG0042883,2,0,0,0,0
OG0042889,1,0,0,0,0
OG0042894,1,0,0,0,0
OG0053645,0,1,0,0,0
OG0053646,0,1,0,0,0
OG0053735,1,1,0,0,0
OG0054019,0,1,0,0,0
OG0054157,0,2,0,0,0
