Orthogroup,Tracheophyte,Bryophyte,Streptophyte_algae,Chlorophyte_algae,Cyanobacteria
OG0000000,1,1,1,1,0
OG0000001,1,1,1,1,0
OG0000002,1,1,1,1,0
OG0000003,1,1,1,1,0
OG0000004,1,1,1,1,0
OG0000005,1,1,1,0,0
OG0000006,1,1,1,0,1
OG0000007,1,1,1,1,1
OG0000008,1,1,1,1,1
OG0000009,1,1,1,1,1
OG0000010,1,1,1,1,1
OG0000011,1,1,1,1,0
OG0000012,1,1,1,0,1
OG0000013,1,1,1,1,1
OG0000014,1,1,1,0,0
OG0000015,1,1,1,1,0
OG0000016,1,1,1,1,1
OG0000017,1,1,1,1,0
OG0000018,1,1,1,1,1
OG0000019,1,1,1,1,0
OG0000020,1,1,1,1,1
OG0000021,1,1,1,1,1
OG0000022,1,1,1,1,0
OG0000023,1,1,1,1,1
OG0000024,1,1,1,1,1
OG0000025,1,1,1,1,0
OG0000026,1,1,1,0,0
OG0000027,1,1,1,1,1
OG0000028,1,1,1,1,0
OG0000029,1,1,1,1,1
OG0000030,1,1,1,1,1
OG0000031,1,1,1,1,0
OG0000032,1,1,1,1,1
OG0000033,1,1,1,1,1
OG0000034,1,1,1,1,0
OG0000035,1,1,1,0,0
OG0000036,1,1,1,1,1
OG0000037,1,1,1,1,0
OG0000038,1,1,1,0,0
OG0000039,1,1,1,0,0
OG0000040,1,1,1,1,1
OG0000041,1,1,1,0,0
OG0000042,1,1,0,0,0
OG0000043,1,1,1,1,1
OG0000044,1,1,1,0,0
OG0000045,1,1,1,1,0
OG0000046,1,1,1,1,0
OG0000047,1,1,1,0,0
OG0000048,1,1,1,1,0
OG0000049,1,1,1,1,1
OG0000050,1,1,1,1,0
OG0000051,1,1,1,1,0
OG0000052,1,1,1,1,0
OG0000053,1,1,1,1,1
OG0000054,1,1,1,1,1
OG0000055,1,1,1,1,1
OG0000056,1,1,1,1,1
OG0000057,1,1,1,0,0
OG0000058,1,1,1,1,0
OG0000059,1,1,1,0,0
OG0000060,1,1,1,1,1
OG0000061,1,1,1,1,1
OG0000062,1,1,1,1,1
OG0000063,1,1,1,1,0
OG0000064,1,1,1,1,0
OG0000065,1,1,1,1,0
OG0000066,1,1,1,1,0
OG0000067,1,1,0,1,0
OG0000068,1,1,1,1,1
OG0000069,1,1,1,1,0
OG0000070,1,1,1,1,0
OG0000071,1,1,1,0,0
OG0000072,1,1,1,0,0
OG0000074,1,1,1,1,1
OG0000075,1,1,1,0,0
OG0000076,1,1,1,1,1
OG0000078,1,1,1,1,0
OG0000079,1,1,0,0,0
OG0000083,1,1,1,1,1
OG0000085,1,1,1,1,1
OG0000086,1,0,1,1,0
OG0000087,1,1,1,0,0
OG0000088,1,1,1,1,0
OG0000090,1,1,1,1,0
OG0000093,1,1,1,0,0
OG0000094,1,1,1,0,0
OG0000095,1,1,1,1,0
OG0000096,1,1,1,1,0
OG0000097,1,1,1,1,0
OG0000098,1,1,1,1,0
OG0000099,1,1,1,1,1
OG0000100,1,1,1,1,0
OG0000101,1,1,1,1,1
OG0000102,1,1,1,1,0
OG0000103,1,0,0,0,0
OG0000104,1,1,1,1,0
OG0000106,1,1,1,1,1
OG0000107,1,1,1,1,0
OG0000111,1,1,1,0,1
OG0000113,1,1,1,1,0
OG0000115,1,1,1,1,0
OG0000116,1,1,1,1,1
OG0000117,1,1,1,1,0
OG0000118,1,1,1,1,1
OG0000119,1,1,1,0,0
OG0000121,1,1,1,1,0
OG0000123,1,1,1,1,1
OG0000124,1,1,1,1,0
OG0000126,1,1,1,1,0
OG0000128,1,0,1,0,0
OG0000130,1,1,1,1,0
OG0000132,1,1,1,1,1
OG0000133,1,1,1,0,0
OG0000134,1,1,1,1,0
OG0000135,1,1,1,1,0
OG0000136,1,1,1,1,0
OG0000138,1,1,1,1,1
OG0000141,1,1,1,1,0
OG0000142,1,1,1,1,1
OG0000143,1,1,1,1,1
OG0000144,1,1,1,1,0
OG0000145,1,1,1,1,0
OG0000146,1,1,1,1,1
OG0000147,1,1,0,0,0
OG0000148,1,1,0,0,0
OG0000149,1,1,1,1,0
OG0000151,1,1,1,1,0
OG0000152,1,1,1,1,1
OG0000153,1,1,1,0,0
OG0000154,1,1,1,0,0
OG0000155,1,1,1,1,1
OG0000156,1,1,0,0,0
OG0000157,1,1,1,1,0
OG0000158,1,1,1,1,0
OG0000159,1,1,1,0,0
OG0000160,1,1,0,0,0
OG0000161,1,1,1,1,1
OG0000163,1,1,0,0,0
OG0000164,1,1,1,1,0
OG0000165,1,1,1,0,0
OG0000166,1,1,1,1,1
OG0000171,1,1,1,1,0
OG0000172,1,1,1,1,1
OG0000173,1,1,1,1,0
OG0000174,1,1,1,1,0
OG0000175,1,1,1,1,0
OG0000176,1,1,1,1,0
OG0000177,1,1,1,1,1
OG0000178,1,1,1,1,0
OG0000179,1,1,1,0,1
OG0000180,1,1,1,0,0
OG0000181,1,1,1,1,0
OG0000183,1,1,1,0,0
OG0000184,1,1,1,1,0
OG0000186,1,1,1,1,0
OG0000187,1,1,1,0,0
OG0000188,1,1,1,1,1
OG0000189,1,1,1,1,1
OG0000190,1,1,1,1,0
OG0000191,1,1,1,1,0
OG0000195,1,1,1,1,0
OG0000196,1,1,1,0,0
OG0000197,1,1,1,1,1
OG0000199,1,1,1,0,0
OG0000200,1,1,1,1,0
OG0000201,1,1,1,1,1
OG0000203,1,1,1,1,0
OG0000205,1,1,1,0,0
OG0000206,1,1,1,1,0
OG0000207,1,1,1,1,0
OG0000209,1,1,1,1,1
OG0000210,1,1,1,1,0
OG0000211,1,1,1,1,1
OG0000213,1,1,0,1,0
OG0000214,1,1,1,1,0
OG0000216,1,1,1,1,0
OG0000217,1,1,1,1,0
OG0000220,1,1,1,0,0
OG0000221,1,1,0,0,0
OG0000223,1,1,1,1,0
OG0000224,1,1,1,1,1
OG0000225,1,1,1,1,0
OG0000228,1,1,1,1,1
OG0000230,1,1,1,1,1
OG0000232,1,1,1,1,0
OG0000233,1,0,0,0,0
OG0000234,1,1,1,1,0
OG0000236,1,1,1,0,0
OG0000238,1,1,1,1,0
OG0000239,1,1,1,1,0
OG0000241,1,1,1,1,1
OG0000244,1,1,1,1,0
OG0000245,1,1,1,1,1
OG0000246,1,1,1,0,1
OG0000247,1,1,1,1,0
OG0000248,1,1,1,1,1
OG0000249,1,1,1,1,0
OG0000250,1,1,1,1,0
OG0000251,1,1,1,1,0
OG0000253,1,1,1,1,0
OG0000254,1,1,1,1,0
OG0000256,1,1,1,1,0
OG0000258,1,1,0,0,0
OG0000259,1,1,1,1,0
OG0000260,1,1,1,1,0
OG0000261,1,1,1,1,1
OG0000263,1,1,1,1,0
OG0000264,1,1,1,1,0
OG0000267,1,1,1,1,0
OG0000268,1,1,1,0,0
OG0000269,1,1,1,0,0
OG0000270,1,1,1,1,0
OG0000271,1,1,1,1,1
OG0000272,1,1,1,1,1
OG0000276,1,0,0,0,0
OG0000278,1,1,1,1,1
OG0000279,1,1,0,1,1
OG0000281,1,1,1,1,1
OG0000282,1,1,1,1,1
OG0000283,1,1,1,1,0
OG0000284,1,1,1,1,1
OG0000286,1,1,1,1,0
OG0000287,1,1,1,1,0
OG0000288,1,1,0,0,0
OG0000289,1,1,1,1,1
OG0000290,1,1,1,0,0
OG0000291,1,1,1,1,0
OG0000292,1,1,1,1,0
OG0000295,1,1,1,1,1
OG0000299,1,1,1,1,1
OG0000301,1,0,0,0,0
OG0000305,1,1,1,1,0
OG0000306,1,1,0,0,0
OG0000308,1,1,1,1,1
OG0000309,1,1,0,0,0
OG0000311,1,1,1,0,0
OG0000312,1,1,1,1,1
OG0000313,1,0,1,1,0
OG0000317,1,1,1,1,0
OG0000318,1,1,1,1,0
OG0000320,1,1,1,1,0
OG0000321,1,1,1,1,0
OG0000322,1,1,1,1,1
OG0000323,1,1,1,1,0
OG0000324,1,1,1,1,1
OG0000326,1,1,1,1,1
OG0000328,1,1,1,1,1
OG0000330,1,1,1,1,1
OG0000332,1,1,1,1,0
OG0000336,1,1,1,1,1
OG0000337,1,1,1,1,1
OG0000338,1,1,1,1,1
OG0000339,1,1,1,0,0
OG0000340,1,1,1,0,0
OG0000341,1,1,1,1,1
OG0000342,1,1,1,1,0
OG0000343,1,0,0,0,0
OG0000344,1,1,1,0,0
OG0000345,1,1,0,0,0
OG0000346,1,1,1,1,0
OG0000350,1,1,1,1,0
OG0000351,1,1,1,1,0
OG0000352,1,1,1,1,0
OG0000353,1,1,1,1,1
OG0000354,1,1,0,0,0
OG0000355,1,1,1,1,1
OG0000356,1,1,1,1,0
OG0000357,1,1,1,1,0
OG0000361,1,1,1,1,0
OG0000362,1,1,1,1,0
OG0000363,1,1,1,1,0
OG0000366,1,0,0,0,0
OG0000367,1,1,1,0,0
OG0000368,1,1,1,1,0
OG0000372,1,1,0,0,0
OG0000374,1,1,1,1,0
OG0000376,1,1,1,1,0
OG0000377,1,1,1,1,0
OG0000378,1,1,1,0,1
OG0000381,1,1,1,1,0
OG0000382,1,0,0,0,0
OG0000384,1,1,1,1,0
OG0000389,1,1,1,1,0
OG0000390,1,1,1,1,0
OG0000391,1,1,1,1,0
OG0000392,1,1,0,0,0
OG0000396,1,1,1,1,0
OG0000398,1,1,1,1,0
OG0000399,1,1,1,0,1
OG0000400,1,1,1,1,0
OG0000403,1,1,1,1,0
OG0000405,1,1,1,0,0
OG0000406,1,1,1,1,1
OG0000412,1,1,1,1,1
OG0000413,1,1,1,0,0
OG0000414,1,1,1,0,0
OG0000416,1,1,1,1,0
OG0000419,1,1,1,1,0
OG0000420,1,1,1,1,0
OG0000422,1,1,1,1,1
OG0000424,1,1,1,0,0
OG0000427,1,1,1,1,0
OG0000429,1,1,0,0,0
OG0000430,1,1,1,0,0
OG0000432,1,1,1,1,1
OG0000435,1,1,1,1,1
OG0000436,1,1,1,0,0
OG0000437,1,1,1,1,0
OG0000439,1,1,1,1,0
OG0000440,1,1,1,0,0
OG0000441,1,1,1,1,0
OG0000442,1,1,0,0,0
OG0000443,1,1,1,1,0
OG0000444,1,1,1,1,0
OG0000445,1,1,1,1,1
OG0000446,1,1,1,1,0
OG0000447,1,1,1,1,0
OG0000449,1,1,1,0,0
OG0000452,1,1,1,1,1
OG0000455,1,1,1,1,1
OG0000456,1,1,1,1,1
OG0000457,1,1,1,1,1
OG0000458,1,1,1,0,0
OG0000460,1,1,1,1,1
OG0000461,1,1,1,1,0
OG0000462,1,1,1,1,0
OG0000463,1,1,1,1,0
OG0000466,1,1,1,1,0
OG0000470,1,1,1,0,0
OG0000471,1,1,1,1,1
OG0000472,1,1,1,1,1
OG0000473,1,1,1,1,1
OG0000474,1,1,1,0,1
OG0000477,1,1,1,0,0
OG0000478,1,1,1,1,0
OG0000481,1,1,1,0,1
OG0000482,1,1,1,1,1
OG0000484,1,1,1,0,0
OG0000486,1,1,1,1,0
OG0000489,1,1,1,1,0
OG0000492,1,1,1,1,0
OG0000495,1,1,1,0,0
OG0000496,1,1,1,1,1
OG0000498,1,1,1,1,0
OG0000499,1,1,1,1,1
OG0000501,1,1,1,1,0
OG0000502,1,1,1,1,0
OG0000503,1,1,1,1,0
OG0000504,1,1,1,0,0
OG0000506,1,1,1,1,0
OG0000508,1,1,1,0,0
OG0000509,1,1,1,1,0
OG0000512,1,1,0,0,0
OG0000513,1,1,1,1,0
OG0000514,1,1,1,1,0
OG0000518,1,1,1,1,0
OG0000521,1,1,0,0,0
OG0000523,1,1,1,1,0
OG0000526,1,1,1,1,0
OG0000529,1,1,1,1,0
OG0000532,1,1,1,1,1
OG0000533,1,1,1,1,1
OG0000535,1,1,1,1,0
OG0000537,1,1,1,1,0
OG0000538,1,1,1,0,1
OG0000539,1,1,1,1,1
OG0000541,1,1,1,1,1
OG0000544,1,1,1,0,0
OG0000547,1,1,1,0,0
OG0000548,1,1,1,1,0
OG0000549,1,1,1,1,0
OG0000551,1,1,1,1,0
OG0000552,1,1,1,1,0
OG0000553,1,1,1,0,1
OG0000556,1,1,1,1,0
OG0000557,1,1,1,1,0
OG0000559,1,1,1,1,0
OG0000560,1,1,1,1,0
OG0000561,1,1,0,1,0
OG0000566,1,1,1,1,1
OG0000567,1,1,1,1,0
OG0000570,1,1,1,1,0
OG0000573,1,1,1,1,0
OG0000576,1,1,1,1,1
OG0000577,1,1,1,1,0
OG0000578,1,1,1,1,0
OG0000579,1,1,1,1,1
OG0000580,1,1,1,1,0
OG0000582,1,1,1,1,0
OG0000583,1,1,1,1,0
OG0000584,1,1,1,1,0
OG0000588,1,1,1,1,0
OG0000589,1,1,1,1,0
OG0000590,1,1,1,1,0
OG0000591,1,1,1,1,1
OG0000592,1,1,1,1,0
OG0000593,1,1,1,1,1
OG0000595,1,1,1,1,0
OG0000597,1,1,1,1,1
OG0000598,1,1,1,1,0
OG0000601,1,1,1,1,0
OG0000602,1,1,1,1,0
OG0000604,1,1,1,1,0
OG0000605,1,1,1,1,0
OG0000607,1,1,1,1,0
OG0000610,1,1,1,1,1
OG0000611,1,1,1,1,0
OG0000612,1,1,1,1,1
OG0000614,1,1,0,0,0
OG0000616,1,1,1,1,0
OG0000618,1,1,1,1,0
OG0000619,1,0,1,0,1
OG0000620,1,1,1,1,0
OG0000621,1,1,1,1,0
OG0000623,1,1,0,0,0
OG0000625,1,1,1,1,0
OG0000626,1,1,1,1,1
OG0000627,1,1,1,1,0
OG0000629,1,1,1,1,0
OG0000630,1,1,1,1,0
OG0000631,1,1,1,1,0
OG0000632,1,1,1,1,1
OG0000633,1,1,1,1,1
OG0000635,1,1,1,1,1
OG0000636,1,1,1,1,0
OG0000637,1,1,1,1,1
OG0000638,1,1,1,1,0
OG0000639,1,1,1,1,1
OG0000646,1,1,0,0,0
OG0000647,1,1,1,1,0
OG0000648,1,1,1,1,0
OG0000653,1,1,1,0,0
OG0000657,1,1,0,0,0
OG0000659,1,1,0,0,0
OG0000661,1,1,1,1,0
OG0000662,1,1,1,0,0
OG0000665,1,1,0,0,0
OG0000666,1,1,0,0,0
OG0000668,1,1,1,1,0
OG0000670,1,1,1,1,1
OG0000677,1,1,1,1,0
OG0000678,1,1,1,1,1
OG0000679,1,0,0,0,0
OG0000681,1,1,1,0,0
OG0000684,1,1,1,1,1
OG0000685,1,0,0,0,0
OG0000688,1,1,1,1,0
OG0000689,1,1,1,1,1
OG0000691,1,1,1,1,0
OG0000694,1,1,1,1,0
OG0000696,1,1,1,1,1
OG0000700,1,1,1,1,1
OG0000702,1,1,1,0,0
OG0000703,1,1,1,1,0
OG0000704,1,1,1,0,0
OG0000705,1,1,1,1,0
OG0000706,1,1,1,1,1
OG0000710,1,1,1,1,0
OG0000712,1,1,1,1,1
OG0000714,1,1,1,1,1
OG0000716,1,1,1,0,0
OG0000718,1,1,1,1,1
OG0000720,1,1,1,1,1
OG0000721,1,1,1,1,1
OG0000723,1,1,1,1,0
OG0000724,1,1,1,0,0
OG0000725,1,1,1,1,1
OG0000728,1,1,1,1,0
OG0000729,1,1,0,0,0
OG0000733,1,1,1,1,1
OG0000734,1,1,1,1,0
OG0000737,1,1,1,1,1
OG0000738,1,1,1,1,0
OG0000742,1,1,1,1,0
OG0000744,1,1,1,0,0
OG0000747,1,1,1,1,0
OG0000748,1,1,1,0,0
OG0000752,1,1,1,1,0
OG0000753,1,1,1,1,1
OG0000754,1,1,1,1,0
OG0000755,1,1,1,0,0
OG0000758,1,1,1,1,1
OG0000759,1,1,0,0,0
OG0000761,1,1,1,1,1
OG0000762,1,1,1,1,1
OG0000763,1,1,1,1,0
OG0000764,1,0,0,1,0
OG0000766,1,1,1,1,0
OG0000768,1,1,1,0,0
OG0000770,1,1,1,1,0
OG0000772,1,1,1,1,0
OG0000773,1,1,1,1,0
OG0000775,1,1,1,1,0
OG0000778,1,1,1,0,0
OG0000782,1,1,1,1,1
OG0000786,1,1,1,1,1
OG0000787,1,1,1,1,0
OG0000790,1,1,1,1,1
OG0000793,1,1,1,1,0
OG0000794,1,1,1,1,1
OG0000795,1,1,1,1,0
OG0000797,1,1,1,0,0
OG0000798,1,1,1,1,0
OG0000803,1,1,1,0,0
OG0000805,1,1,1,1,1
OG0000806,1,1,0,1,0
OG0000813,1,1,1,1,0
OG0000814,1,1,1,1,0
OG0000825,1,0,0,0,0
OG0000826,1,1,1,1,0
OG0000830,1,0,0,0,0
OG0000835,1,1,1,1,0
OG0000836,1,1,1,1,0
OG0000838,1,1,1,0,0
OG0000840,1,1,1,1,0
OG0000842,1,1,1,0,0
OG0000845,1,1,1,1,0
OG0000848,1,1,0,0,0
OG0000852,1,1,0,0,0
OG0000859,1,1,1,1,0
OG0000861,1,1,1,1,0
OG0000865,1,1,1,1,0
OG0000867,1,1,1,1,1
OG0000868,1,1,1,1,1
OG0000871,1,1,1,1,0
OG0000876,1,1,1,1,0
OG0000879,1,1,0,0,0
OG0000880,1,0,0,0,0
OG0000883,1,1,1,1,0
OG0000884,1,1,1,1,0
OG0000885,1,1,1,0,1
OG0000886,1,1,1,1,1
OG0000889,1,1,1,1,0
OG0000890,1,1,1,1,0
OG0000892,1,1,1,1,0
OG0000895,1,1,1,1,0
OG0000898,1,1,1,1,0
OG0000902,1,0,0,0,0
OG0000906,1,1,1,1,0
OG0000907,1,1,1,1,0
OG0000909,1,1,1,1,0
OG0000910,1,1,1,0,0
OG0000911,1,1,1,1,0
OG0000912,1,1,1,1,0
OG0000918,1,1,1,0,0
OG0000924,1,1,1,1,0
OG0000926,1,1,1,1,0
OG0000927,1,1,1,1,1
OG0000928,1,1,1,1,0
OG0000930,1,1,1,0,0
OG0000932,1,0,1,1,0
OG0000933,1,1,1,1,0
OG0000935,1,1,0,0,0
OG0000938,1,1,1,0,0
OG0000939,1,1,1,1,1
OG0000947,1,1,1,1,0
OG0000948,1,1,1,1,0
OG0000949,1,0,0,0,0
OG0000957,1,1,1,0,0
OG0000962,1,1,1,1,0
OG0000963,1,1,1,1,0
OG0000964,1,1,1,0,0
OG0000971,1,1,1,1,0
OG0000972,1,0,0,0,0
OG0000975,1,1,1,1,1
OG0000976,1,1,1,0,0
OG0000977,1,1,1,1,0
OG0000983,1,1,1,1,1
OG0000984,1,1,1,1,0
OG0000985,1,1,1,1,0
OG0000987,1,1,1,1,0
OG0000989,1,1,1,1,1
OG0000990,1,1,1,0,0
OG0000991,1,1,1,1,0
OG0000992,1,1,1,1,0
OG0000998,1,1,1,1,0
OG0000999,1,1,1,1,0
OG0001001,1,1,1,1,1
OG0001003,1,1,1,1,0
OG0001004,1,1,1,1,0
OG0001005,1,1,1,1,1
OG0001006,1,1,1,1,0
OG0001010,1,1,1,1,0
OG0001011,1,1,1,1,0
OG0001012,1,1,1,1,0
OG0001014,1,1,1,1,0
OG0001015,1,1,1,1,1
OG0001018,1,1,1,1,1
OG0001024,1,1,1,1,0
OG0001026,1,1,1,1,0
OG0001028,1,1,1,1,0
OG0001038,1,1,1,1,1
OG0001040,1,1,1,0,0
OG0001044,1,1,0,1,0
OG0001046,1,1,1,1,1
OG0001047,1,1,1,1,0
OG0001050,1,1,1,1,1
OG0001051,1,1,1,1,0
OG0001054,1,1,1,1,0
OG0001055,1,1,1,1,1
OG0001056,1,1,0,0,0
OG0001059,1,1,1,1,0
OG0001062,1,1,1,1,1
OG0001064,1,1,1,1,1
OG0001065,1,1,1,0,0
OG0001067,1,1,1,1,0
OG0001068,1,1,1,0,0
OG0001069,1,1,1,0,0
OG0001071,1,1,1,0,0
OG0001072,1,1,1,1,1
OG0001073,1,1,0,0,0
OG0001076,1,1,1,1,0
OG0001077,1,1,1,1,0
OG0001078,1,1,1,1,0
OG0001079,1,1,1,1,0
OG0001086,1,1,1,1,0
OG0001088,1,1,1,1,0
OG0001089,1,1,1,1,1
OG0001090,1,1,1,1,0
OG0001093,1,1,1,1,0
OG0001094,1,1,1,1,0
OG0001095,1,1,1,1,0
OG0001096,1,1,1,1,0
OG0001097,1,1,1,0,0
OG0001098,1,0,0,0,0
OG0001099,1,1,1,1,1
OG0001101,1,1,1,1,1
OG0001103,1,1,1,1,0
OG0001104,1,0,1,0,0
OG0001109,1,0,0,0,0
OG0001111,1,1,1,1,1
OG0001112,1,1,1,1,0
OG0001113,1,1,1,1,0
OG0001118,1,1,1,1,0
OG0001121,1,1,1,1,0
OG0001123,1,1,1,1,0
OG0001125,1,1,1,1,1
OG0001128,1,1,1,1,0
OG0001129,1,1,1,1,0
OG0001131,1,1,1,0,0
OG0001133,1,1,1,1,0
OG0001134,1,1,1,1,1
OG0001140,1,1,1,1,0
OG0001141,1,1,1,1,0
OG0001143,1,1,1,1,0
OG0001145,1,1,1,1,0
OG0001147,1,1,1,1,0
OG0001151,1,1,1,0,0
OG0001152,1,1,1,1,0
OG0001154,1,1,1,0,0
OG0001155,1,1,1,0,0
OG0001157,1,1,1,0,1
OG0001158,1,1,1,1,0
OG0001163,1,1,1,1,1
OG0001165,1,1,1,1,1
OG0001166,1,1,1,1,0
OG0001167,1,1,1,1,1
OG0001168,1,1,1,1,0
OG0001170,1,1,1,0,0
OG0001175,1,1,1,0,0
OG0001177,1,1,1,1,0
OG0001180,1,0,0,0,0
OG0001181,1,0,0,0,0
OG0001191,1,1,1,1,0
OG0001194,1,1,0,0,0
OG0001195,1,1,1,1,0
OG0001196,1,1,0,0,0
OG0001200,1,1,0,0,0
OG0001202,1,1,1,1,1
OG0001208,1,1,0,0,0
OG0001209,1,1,1,1,0
OG0001211,1,1,1,1,0
OG0001212,1,1,1,1,0
OG0001218,1,0,1,0,0
OG0001221,1,1,1,1,0
OG0001222,1,1,1,1,0
OG0001223,1,1,1,1,0
OG0001225,1,1,1,1,0
OG0001230,1,1,0,0,0
OG0001231,1,1,1,1,0
OG0001235,1,1,1,1,0
OG0001238,1,1,1,0,0
OG0001242,1,1,1,1,0
OG0001243,1,1,1,0,0
OG0001244,1,1,1,1,0
OG0001245,1,1,1,1,1
OG0001247,1,1,1,1,1
OG0001252,1,1,1,1,1
OG0001254,1,1,1,1,1
OG0001260,1,1,1,1,0
OG0001267,1,1,1,1,0
OG0001268,1,1,1,0,0
OG0001272,1,1,1,1,0
OG0001273,1,1,1,0,0
OG0001276,1,1,1,1,0
OG0001277,1,0,0,0,0
OG0001287,1,1,1,1,1
OG0001291,1,1,1,1,1
OG0001294,1,1,1,1,0
OG0001295,1,1,1,1,0
OG0001303,1,1,1,1,1
OG0001307,1,1,1,0,0
OG0001310,1,1,1,1,0
OG0001312,1,1,1,1,1
OG0001316,1,1,1,1,0
OG0001317,1,1,1,1,0
OG0001318,1,1,1,1,0
OG0001322,1,0,0,0,0
OG0001324,1,1,1,1,0
OG0001325,1,1,1,1,0
OG0001330,1,1,1,1,0
OG0001337,1,1,1,1,0
OG0001341,1,1,1,1,0
OG0001343,1,1,1,1,1
OG0001347,1,0,1,0,0
OG0001351,1,1,1,1,1
OG0001352,1,1,1,1,0
OG0001356,1,1,1,1,0
OG0001360,1,1,1,0,0
OG0001361,1,1,1,1,0
OG0001363,1,1,1,1,0
OG0001364,1,1,1,1,1
OG0001365,1,1,1,1,1
OG0001367,1,1,1,1,0
OG0001368,1,1,1,1,1
OG0001372,1,1,1,1,0
OG0001373,1,1,1,0,0
OG0001374,1,1,1,1,0
OG0001375,1,1,1,1,1
OG0001378,1,1,1,0,0
OG0001379,1,1,1,1,0
OG0001382,1,1,1,1,0
OG0001384,1,1,1,1,0
OG0001389,1,1,1,1,1
OG0001393,1,1,1,1,1
OG0001394,1,1,1,0,0
OG0001396,1,1,1,1,1
OG0001400,1,1,1,0,0
OG0001401,1,1,1,1,0
OG0001404,1,1,1,1,1
OG0001406,1,1,1,1,1
OG0001407,1,1,1,1,1
OG0001408,1,1,0,0,0
OG0001409,1,1,0,0,0
OG0001412,1,1,1,1,1
OG0001414,1,1,1,1,0
OG0001418,1,1,1,1,1
OG0001419,1,1,1,1,1
OG0001420,1,1,1,1,1
OG0001427,1,1,1,1,0
OG0001430,1,1,1,1,1
OG0001431,1,1,1,1,0
OG0001432,1,1,1,1,1
OG0001433,1,1,1,1,1
OG0001435,1,1,1,1,1
OG0001438,1,1,1,1,0
OG0001441,1,1,1,1,0
OG0001444,1,1,1,0,0
OG0001446,1,0,0,0,0
OG0001448,1,1,1,1,0
OG0001453,1,0,0,0,0
OG0001456,1,1,1,1,0
OG0001460,1,1,1,1,0
OG0001464,1,1,1,1,1
OG0001469,1,1,1,0,1
OG0001475,1,1,1,1,0
OG0001476,1,1,1,1,0
OG0001484,1,1,1,1,0
OG0001486,1,1,1,1,0
OG0001489,1,1,1,1,0
OG0001490,1,1,1,1,1
OG0001492,1,1,1,1,0
OG0001493,1,1,1,1,0
OG0001496,1,1,1,1,0
OG0001497,1,1,1,1,0
OG0001508,1,1,0,0,0
OG0001510,1,1,1,1,1
OG0001511,1,1,1,1,1
OG0001512,1,1,1,1,1
OG0001518,1,1,1,1,0
OG0001519,1,1,1,1,1
OG0001523,1,1,1,0,0
OG0001525,1,1,1,1,1
OG0001526,1,1,1,1,0
OG0001530,1,1,1,0,0
OG0001532,1,1,1,1,0
OG0001537,1,1,1,0,0
OG0001544,1,1,1,0,0
OG0001545,1,1,1,1,0
OG0001549,1,1,1,1,0
OG0001550,1,1,1,1,0
OG0001553,1,1,1,1,0
OG0001554,1,1,1,0,0
OG0001555,1,1,1,1,0
OG0001564,1,1,1,1,0
OG0001568,1,1,1,1,0
OG0001569,1,1,1,1,1
OG0001571,1,1,1,1,0
OG0001580,1,1,1,1,1
OG0001587,1,1,1,0,0
OG0001589,1,1,1,1,0
OG0001591,1,1,1,1,0
OG0001592,1,1,1,1,0
OG0001605,1,1,0,0,0
OG0001611,1,1,0,0,0
OG0001612,1,1,1,1,1
OG0001614,1,1,1,1,0
OG0001616,1,1,1,1,0
OG0001618,1,1,1,0,0
OG0001629,1,1,1,1,0
OG0001630,1,1,1,1,0
OG0001634,1,1,1,1,0
OG0001637,1,1,1,1,0
OG0001640,1,1,1,1,0
OG0001641,1,1,1,1,1
OG0001642,1,1,1,1,0
OG0001645,1,1,1,1,0
OG0001648,1,0,0,0,0
OG0001655,1,0,1,1,0
OG0001656,1,0,0,0,0
OG0001660,1,1,1,1,0
OG0001664,1,1,1,1,0
OG0001665,1,1,1,1,0
OG0001669,1,1,1,1,0
OG0001675,1,1,0,0,0
OG0001678,1,1,1,1,0
OG0001680,1,1,0,0,0
OG0001682,1,1,1,1,0
OG0001686,1,1,1,1,0
OG0001695,1,1,1,1,0
OG0001697,1,1,1,0,0
OG0001699,1,1,0,0,0
OG0001701,1,1,1,1,0
OG0001703,1,1,1,1,0
OG0001707,1,1,1,1,0
OG0001717,1,1,1,1,0
OG0001718,1,1,0,0,0
OG0001720,1,1,1,1,0
OG0001724,1,0,0,0,0
OG0001730,1,1,1,1,0
OG0001734,1,1,1,1,0
OG0001736,1,1,1,1,1
OG0001737,1,1,1,0,0
OG0001739,1,1,1,1,0
OG0001740,1,1,1,1,1
OG0001741,1,1,1,1,1
OG0001742,1,1,0,0,0
OG0001744,1,1,1,1,0
OG0001745,1,1,1,1,0
OG0001746,1,1,1,1,0
OG0001748,1,0,0,0,0
OG0001749,1,1,1,1,1
OG0001755,1,1,1,1,0
OG0001756,1,1,1,1,0
OG0001759,1,0,0,0,0
OG0001767,1,1,1,1,1
OG0001769,1,1,1,1,0
OG0001774,1,1,1,0,0
OG0001776,1,1,1,1,0
OG0001777,1,1,1,1,0
OG0001781,1,1,1,1,1
OG0001789,1,1,1,0,0
OG0001794,1,1,1,0,0
OG0001795,1,1,1,1,1
OG0001810,1,1,1,1,0
OG0001818,1,1,1,1,0
OG0001822,1,1,1,1,0
OG0001833,1,1,1,1,1
OG0001835,1,1,1,1,0
OG0001836,1,1,1,1,0
OG0001837,1,1,1,1,0
OG0001843,1,1,0,0,0
OG0001844,1,1,1,1,0
OG0001847,1,1,1,1,0
OG0001848,1,1,1,1,1
OG0001849,1,1,1,0,0
OG0001854,1,1,1,1,0
OG0001855,1,1,1,1,0
OG0001856,1,1,1,1,0
OG0001859,1,1,1,1,0
OG0001862,1,1,1,1,0
OG0001863,1,1,1,1,0
OG0001864,1,1,1,1,0
OG0001865,1,1,1,1,1
OG0001867,1,1,1,1,0
OG0001868,1,1,0,0,0
OG0001869,1,1,1,1,0
OG0001877,1,1,1,1,1
OG0001888,1,1,1,1,0
OG0001891,1,1,1,1,0
OG0001893,1,1,1,1,1
OG0001894,1,1,1,1,0
OG0001896,1,1,1,1,1
OG0001898,1,1,1,1,1
OG0001909,1,1,1,1,0
OG0001912,1,1,1,1,0
OG0001913,1,1,1,1,0
OG0001923,1,1,1,1,0
OG0001924,1,0,0,0,0
OG0001932,1,1,1,1,0
OG0001934,1,1,1,1,0
OG0001935,1,1,1,1,1
OG0001936,1,1,1,1,0
OG0001944,1,1,1,1,0
OG0001947,1,1,1,1,1
OG0001949,1,1,1,1,0
OG0001950,1,1,1,0,1
OG0001962,1,1,1,1,1
OG0001966,1,1,1,1,0
OG0001967,1,1,1,1,1
OG0001970,1,1,1,1,0
OG0001973,1,1,0,0,0
OG0001974,1,1,1,1,0
OG0001975,1,1,1,1,1
OG0001976,1,0,1,0,0
OG0001979,1,1,1,1,0
OG0001984,1,1,1,1,0
OG0001994,1,1,1,1,0
OG0001995,1,1,1,1,0
OG0002001,1,1,1,1,1
OG0002007,1,1,1,0,0
OG0002013,1,1,1,0,0
OG0002020,1,1,1,1,0
OG0002021,1,1,1,1,0
OG0002029,1,1,1,1,1
OG0002033,1,1,1,1,1
OG0002036,1,1,1,1,0
OG0002041,1,1,1,0,0
OG0002045,1,1,0,0,0
OG0002051,1,1,1,0,0
OG0002053,1,1,1,1,0
OG0002057,1,1,1,1,1
OG0002058,1,1,1,1,0
OG0002059,1,1,0,0,0
OG0002064,1,1,1,1,1
OG0002077,1,1,1,1,0
OG0002081,1,1,1,1,0
OG0002083,1,1,1,1,0
OG0002085,1,1,1,1,1
OG0002090,1,1,1,1,0
OG0002092,1,1,1,1,0
OG0002094,1,1,1,1,0
OG0002100,1,1,1,1,0
OG0002101,1,1,1,1,1
OG0002104,1,1,1,1,1
OG0002105,1,1,1,1,0
OG0002109,1,1,1,0,0
OG0002110,1,1,1,1,0
OG0002111,1,1,1,1,0
OG0002117,1,1,0,0,0
OG0002120,1,1,1,1,0
OG0002126,1,1,0,0,0
OG0002130,1,1,1,1,0
OG0002131,1,1,1,1,0
OG0002133,1,1,1,1,1
OG0002136,1,1,1,1,0
OG0002139,1,1,1,1,0
OG0002147,1,1,1,1,0
OG0002148,1,1,1,1,0
OG0002150,1,1,1,1,0
OG0002151,1,1,1,1,0
OG0002153,1,1,1,1,0
OG0002154,1,1,1,1,1
OG0002155,1,0,0,0,0
OG0002168,1,1,1,1,0
OG0002177,1,1,1,0,0
OG0002182,1,1,1,1,0
OG0002183,1,1,1,1,0
OG0002186,1,1,1,1,0
OG0002187,1,1,1,1,0
OG0002189,1,1,1,1,1
OG0002191,1,1,1,1,0
OG0002193,1,1,1,1,0
OG0002196,1,1,1,0,0
OG0002202,1,0,0,0,0
OG0002206,1,1,1,1,1
OG0002208,1,1,1,1,0
OG0002213,1,1,1,1,0
OG0002214,1,1,1,0,0
OG0002225,1,1,1,1,0
OG0002226,1,1,1,0,1
OG0002228,1,1,1,1,0
OG0002232,1,1,1,1,0
OG0002236,1,1,1,1,0
OG0002237,1,1,1,1,0
OG0002242,1,1,1,0,0
OG0002247,1,1,1,1,0
OG0002253,1,1,1,1,0
OG0002254,1,1,1,1,0
OG0002257,1,1,1,1,0
OG0002260,1,1,1,1,0
OG0002261,1,1,1,1,0
OG0002262,1,1,1,1,1
OG0002263,1,1,1,0,0
OG0002267,1,1,1,1,0
OG0002278,1,1,1,0,0
OG0002288,1,1,1,1,0
OG0002291,1,1,1,1,1
OG0002298,1,1,1,1,1
OG0002299,1,1,1,1,0
OG0002301,1,1,1,1,0
OG0002306,1,1,1,1,0
OG0002308,1,1,1,1,0
OG0002311,1,1,1,1,0
OG0002315,1,1,1,0,0
OG0002319,1,1,1,1,0
OG0002323,1,1,1,1,0
OG0002329,1,1,1,1,0
OG0002338,1,1,1,0,0
OG0002340,1,1,1,1,0
OG0002341,1,1,1,1,0
OG0002345,1,1,1,1,0
OG0002347,1,1,1,1,0
OG0002350,1,1,0,0,0
OG0002352,1,1,1,1,1
OG0002353,1,1,1,0,0
OG0002355,1,1,1,1,0
OG0002357,1,1,1,1,1
OG0002358,1,1,1,1,0
OG0002361,1,1,1,1,0
OG0002364,1,1,1,1,0
OG0002366,1,1,1,1,1
OG0002369,1,1,1,1,0
OG0002370,1,1,1,1,0
OG0002371,1,1,1,1,0
OG0002375,1,1,1,1,0
OG0002376,1,1,1,1,0
OG0002378,1,1,1,1,0
OG0002385,1,1,1,1,0
OG0002386,1,1,1,1,0
OG0002387,1,1,1,1,1
OG0002389,1,1,1,1,0
OG0002393,1,1,1,1,1
OG0002397,1,1,1,1,0
OG0002399,1,0,0,0,0
OG0002407,1,1,1,1,0
OG0002414,1,1,1,1,0
OG0002415,1,1,1,1,0
OG0002418,1,1,1,1,0
OG0002423,1,1,1,1,0
OG0002428,1,1,1,1,0
OG0002435,1,1,1,1,0
OG0002437,1,1,1,1,0
OG0002455,1,1,1,1,0
OG0002467,1,1,1,1,0
OG0002468,1,0,0,0,0
OG0002470,1,1,1,1,0
OG0002481,1,1,1,1,0
OG0002483,1,1,1,1,0
OG0002489,1,1,1,1,0
OG0002494,1,1,1,1,0
OG0002495,1,1,1,1,1
OG0002498,1,1,1,1,1
OG0002500,1,1,1,1,0
OG0002501,1,1,1,1,0
OG0002504,1,1,1,1,0
OG0002507,1,1,1,0,0
OG0002516,1,1,1,1,0
OG0002518,1,1,1,1,0
OG0002522,1,1,1,1,0
OG0002523,1,1,1,1,1
OG0002540,1,1,1,1,0
OG0002541,1,1,1,0,0
OG0002543,1,1,1,1,0
OG0002544,1,1,1,1,0
OG0002550,1,1,1,0,0
OG0002554,1,1,1,1,0
OG0002555,1,1,1,1,0
OG0002562,1,1,1,1,1
OG0002566,1,1,1,0,0
OG0002568,1,1,1,1,0
OG0002570,1,1,1,1,0
OG0002578,1,1,1,1,0
OG0002579,1,1,1,1,0
OG0002580,1,1,0,0,0
OG0002590,1,1,1,0,0
OG0002591,1,1,1,1,1
OG0002598,1,1,0,0,0
OG0002600,1,1,1,0,0
OG0002612,1,1,1,1,0
OG0002616,1,1,1,0,0
OG0002618,1,1,1,1,0
OG0002619,1,1,1,1,1
OG0002620,1,1,1,1,0
OG0002622,1,1,1,1,0
OG0002627,1,1,1,1,0
OG0002632,1,1,1,1,0
OG0002633,1,1,1,1,0
OG0002638,1,1,1,1,0
OG0002640,1,1,1,1,0
OG0002648,1,1,0,0,0
OG0002652,1,1,1,1,0
OG0002655,1,1,1,1,0
OG0002657,1,1,1,1,0
OG0002664,1,1,0,0,0
OG0002675,1,1,1,1,1
OG0002676,1,1,1,1,0
OG0002690,1,1,1,1,0
OG0002691,1,1,1,1,0
OG0002692,1,1,1,1,0
OG0002693,1,1,1,1,0
OG0002696,1,1,1,1,0
OG0002697,1,1,1,1,0
OG0002698,1,1,1,1,1
OG0002707,1,1,1,1,0
OG0002710,1,1,1,1,0
OG0002715,1,1,1,1,0
OG0002718,1,1,1,0,0
OG0002724,1,1,1,1,1
OG0002740,1,1,1,1,0
OG0002756,1,1,1,1,0
OG0002758,1,0,0,0,0
OG0002766,1,1,1,1,1
OG0002767,1,1,1,1,0
OG0002768,1,1,1,1,0
OG0002769,1,1,1,1,0
OG0002779,1,1,1,1,1
OG0002781,1,1,1,1,1
OG0002783,1,1,1,1,0
OG0002784,1,1,1,1,1
OG0002785,1,1,1,1,0
OG0002786,1,1,1,1,0
OG0002787,1,1,1,1,1
OG0002798,1,1,1,1,0
OG0002803,1,1,1,1,0
OG0002804,1,1,1,1,1
OG0002811,1,1,1,1,0
OG0002812,1,1,1,1,1
OG0002816,1,1,1,1,0
OG0002819,1,1,1,1,0
OG0002826,1,1,1,1,0
OG0002831,1,1,1,1,0
OG0002832,1,1,1,1,0
OG0002833,1,1,1,0,0
OG0002847,1,1,1,1,0
OG0002856,1,1,1,1,0
OG0002858,1,1,1,1,0
OG0002861,1,1,1,1,0
OG0002877,1,1,1,1,0
OG0002881,1,1,1,1,0
OG0002885,1,1,1,1,0
OG0002897,1,1,1,1,1
OG0002902,1,1,1,0,0
OG0002908,1,1,1,1,0
OG0002910,1,1,1,1,0
OG0002911,1,1,1,1,0
OG0002915,1,1,1,1,0
OG0002924,1,1,1,1,0
OG0002929,1,1,1,1,0
OG0002931,1,1,1,1,0
OG0002933,1,1,1,1,1
OG0002936,1,1,1,1,1
OG0002937,1,1,0,0,0
OG0002943,1,1,1,1,1
OG0002944,1,1,1,1,0
OG0002946,1,1,1,1,0
OG0002950,1,1,1,1,0
OG0002951,1,1,1,0,0
OG0002953,1,0,0,0,0
OG0002959,1,1,1,1,1
OG0002965,1,1,1,1,0
OG0002968,1,1,1,1,0
OG0002978,1,1,1,1,0
OG0002979,1,1,1,1,0
OG0002980,1,1,1,1,1
OG0002982,1,1,1,0,0
OG0002986,1,1,1,1,0
OG0002990,1,1,1,1,0
OG0002991,1,1,1,1,0
OG0002992,1,1,1,1,0
OG0002993,1,1,1,1,0
OG0003007,0,1,1,0,0
OG0003009,1,0,0,0,0
OG0003011,1,1,1,1,0
OG0003026,1,1,1,1,1
OG0003028,1,1,0,0,0
OG0003029,1,1,1,0,0
OG0003031,1,1,1,0,0
OG0003032,1,1,1,1,0
OG0003036,1,1,1,1,0
OG0003041,1,1,1,1,0
OG0003045,1,1,1,1,0
OG0003046,1,1,1,1,0
OG0003047,1,1,1,1,1
OG0003053,1,1,1,1,1
OG0003058,1,1,1,1,1
OG0003067,1,1,1,1,0
OG0003068,1,1,1,1,1
OG0003070,1,1,1,1,0
OG0003072,1,1,1,1,0
OG0003076,1,1,1,1,1
OG0003078,1,1,1,1,0
OG0003079,1,1,1,0,0
OG0003081,1,1,1,1,0
OG0003096,1,1,1,1,0
OG0003101,1,1,1,1,1
OG0003102,1,1,1,1,0
OG0003105,1,1,1,1,1
OG0003106,1,1,1,1,1
OG0003110,1,1,1,0,0
OG0003112,1,1,1,1,0
OG0003114,1,1,0,1,0
OG0003116,1,1,1,1,1
OG0003117,1,1,1,1,0
OG0003134,1,1,1,1,0
OG0003138,1,1,1,1,0
OG0003142,1,1,1,1,0
OG0003148,1,1,1,1,0
OG0003149,1,1,1,1,0
OG0003154,1,1,1,1,0
OG0003155,1,1,1,1,0
OG0003160,1,1,0,0,0
OG0003183,1,1,1,1,1
OG0003184,1,1,1,1,1
OG0003189,1,1,1,1,0
OG0003195,1,1,1,1,0
OG0003197,1,1,1,0,0
OG0003202,1,0,0,0,0
OG0003203,1,1,1,1,0
OG0003204,1,1,1,1,0
OG0003208,1,1,1,1,0
OG0003213,1,1,1,0,0
OG0003215,1,1,1,1,0
OG0003219,1,1,1,1,0
OG0003221,1,1,1,1,0
OG0003222,1,1,1,1,1
OG0003225,1,1,1,1,1
OG0003226,1,1,1,1,0
OG0003229,1,1,1,1,0
OG0003232,1,1,1,1,0
OG0003235,1,0,0,0,0
OG0003237,1,1,1,1,0
OG0003249,1,1,1,1,0
OG0003251,1,1,1,1,0
OG0003253,1,1,1,1,0
OG0003268,1,1,1,1,0
OG0003273,1,1,1,0,0
OG0003277,1,1,1,1,0
OG0003281,1,0,0,0,0
OG0003293,1,1,1,1,0
OG0003296,1,1,1,1,0
OG0003297,1,1,1,1,0
OG0003307,1,1,1,1,0
OG0003313,1,1,1,1,0
OG0003315,1,1,1,1,1
OG0003318,1,1,1,0,0
OG0003324,1,0,0,0,0
OG0003332,1,1,1,0,0
OG0003337,1,1,1,1,1
OG0003340,1,1,1,1,0
OG0003342,1,1,1,1,0
OG0003346,1,1,1,1,0
OG0003348,1,1,1,1,1
OG0003351,1,1,1,1,1
OG0003353,1,1,1,1,0
OG0003354,1,1,1,1,0
OG0003362,1,1,1,1,0
OG0003366,1,0,0,0,0
OG0003374,1,1,1,1,0
OG0003379,1,1,1,1,0
OG0003386,1,1,0,0,0
OG0003398,1,1,1,1,1
OG0003409,1,1,1,1,0
OG0003411,1,1,1,1,0
OG0003417,1,1,1,1,0
OG0003421,1,0,0,0,0
OG0003423,1,1,1,1,0
OG0003424,1,1,1,1,0
OG0003433,1,1,1,1,0
OG0003446,1,1,1,1,0
OG0003455,1,1,1,1,1
OG0003458,1,1,1,1,1
OG0003467,1,1,1,1,0
OG0003469,1,1,1,1,0
OG0003472,1,1,1,1,0
OG0003483,1,0,0,0,0
OG0003493,1,1,1,1,0
OG0003497,1,1,1,1,1
OG0003503,1,1,1,1,0
OG0003504,1,1,1,1,0
OG0003505,1,1,1,1,0
OG0003511,1,1,1,0,1
OG0003512,1,1,1,1,0
OG0003513,1,1,0,0,0
OG0003518,1,1,1,1,0
OG0003526,1,1,1,1,0
OG0003531,1,1,1,1,1
OG0003532,1,1,1,1,1
OG0003534,1,1,1,1,0
OG0003537,1,1,1,1,0
OG0003543,1,1,1,1,0
OG0003544,1,1,1,1,1
OG0003548,1,1,1,1,0
OG0003555,1,1,1,1,1
OG0003559,1,1,1,1,0
OG0003561,1,1,1,1,0
OG0003566,1,1,1,1,0
OG0003568,1,1,1,1,0
OG0003570,1,1,1,1,0
OG0003573,1,1,1,1,0
OG0003580,1,0,0,0,0
OG0003582,1,0,0,0,0
OG0003596,1,1,1,1,0
OG0003602,1,1,1,1,1
OG0003603,1,1,1,1,0
OG0003607,1,1,1,1,0
OG0003611,1,1,1,1,0
OG0003612,1,1,1,1,0
OG0003614,1,1,1,1,1
OG0003615,1,1,1,1,0
OG0003618,1,1,1,1,0
OG0003624,1,1,1,1,0
OG0003627,1,1,1,1,1
OG0003628,1,1,1,0,0
OG0003632,1,1,1,1,0
OG0003635,1,1,1,1,0
OG0003641,1,1,0,1,0
OG0003643,1,1,1,1,0
OG0003649,1,1,1,1,0
OG0003650,1,1,1,0,0
OG0003655,1,1,1,1,0
OG0003663,1,1,1,1,0
OG0003664,1,1,1,1,0
OG0003665,1,1,1,1,0
OG0003674,1,1,1,1,0
OG0003682,1,1,1,1,0
OG0003683,1,1,1,1,0
OG0003684,1,1,1,1,1
OG0003685,1,1,1,1,0
OG0003704,1,0,0,0,0
OG0003712,1,1,1,1,0
OG0003714,1,1,1,0,0
OG0003716,1,1,1,1,0
OG0003721,1,1,1,1,0
OG0003724,1,1,1,1,0
OG0003728,1,1,1,1,0
OG0003732,1,1,1,1,1
OG0003733,1,1,1,1,0
OG0003747,1,1,1,1,0
OG0003753,1,1,1,1,0
OG0003755,1,1,1,1,0
OG0003764,1,1,1,1,1
OG0003765,1,1,1,1,0
OG0003774,1,1,1,1,0
OG0003784,1,1,1,1,0
OG0003792,1,1,1,1,0
OG0003795,1,1,1,1,0
OG0003796,1,1,1,1,1
OG0003798,1,1,1,1,0
OG0003799,1,1,1,1,0
OG0003803,1,1,1,0,1
OG0003806,1,1,1,1,1
OG0003810,1,1,1,1,1
OG0003840,1,1,0,0,0
OG0003842,1,1,1,1,0
OG0003846,1,1,1,1,0
OG0003847,1,1,1,1,0
OG0003848,1,1,1,1,0
OG0003856,1,1,1,0,0
OG0003861,1,1,1,1,0
OG0003865,1,1,1,1,1
OG0003866,1,0,0,0,0
OG0003869,1,1,1,1,1
OG0003872,1,1,1,1,0
OG0003877,1,1,1,1,0
OG0003878,1,1,1,1,0
OG0003880,1,1,1,1,0
OG0003881,1,1,1,1,0
OG0003889,1,1,1,1,1
OG0003893,1,1,1,1,0
OG0003895,1,1,1,1,0
OG0003898,1,1,1,1,0
OG0003902,1,1,1,1,1
OG0003906,1,1,1,1,1
OG0003917,1,1,1,1,1
OG0003924,1,1,1,0,0
OG0003925,1,1,1,1,1
OG0003938,1,1,1,1,0
OG0003940,1,1,1,1,0
OG0003943,1,1,1,1,0
OG0003946,1,1,1,1,0
OG0003947,1,1,1,1,0
OG0003948,1,0,0,0,0
OG0003960,1,1,1,1,0
OG0003974,1,1,1,1,0
OG0003983,1,1,1,1,0
OG0003984,1,1,1,1,0
OG0004010,1,1,1,0,0
OG0004021,1,1,1,1,1
OG0004029,1,1,1,1,0
OG0004041,1,0,0,0,0
OG0004042,1,1,1,1,0
OG0004043,1,1,1,1,1
OG0004044,1,1,1,1,0
OG0004048,1,1,1,0,0
OG0004065,1,1,1,1,0
OG0004066,1,1,1,1,1
OG0004069,1,1,1,1,0
OG0004071,1,1,1,0,0
OG0004073,1,1,1,1,0
OG0004074,1,1,1,1,0
OG0004075,1,1,1,1,0
OG0004079,1,1,1,1,0
OG0004086,1,1,1,1,0
OG0004096,1,1,1,0,1
OG0004099,1,1,1,1,0
OG0004116,1,1,1,1,0
OG0004124,1,1,1,1,0
OG0004125,1,1,1,1,0
OG0004136,1,1,1,1,0
OG0004140,1,1,1,1,0
OG0004144,1,1,1,1,0
OG0004146,1,1,1,1,0
OG0004151,1,1,1,1,0
OG0004163,1,1,1,1,0
OG0004164,1,1,1,1,0
OG0004166,1,1,1,1,1
OG0004168,1,1,1,1,0
OG0004170,1,1,1,1,1
OG0004172,1,1,1,1,0
OG0004178,1,1,1,1,1
OG0004179,1,0,0,0,0
OG0004195,1,1,1,1,0
OG0004197,1,1,0,0,0
OG0004198,1,1,1,1,0
OG0004202,1,1,1,1,0
OG0004218,1,1,1,1,0
OG0004219,1,1,1,1,1
OG0004222,1,1,1,1,0
OG0004224,1,1,1,1,0
OG0004226,1,1,1,1,0
OG0004236,1,1,1,1,0
OG0004238,1,1,1,1,0
OG0004244,1,1,1,1,1
OG0004246,1,1,1,1,0
OG0004252,1,1,1,1,1
OG0004254,1,1,1,1,0
OG0004274,1,1,1,1,0
OG0004276,1,1,1,1,0
OG0004282,1,1,1,0,0
OG0004283,1,1,1,1,1
OG0004287,1,0,0,0,0
OG0004293,1,1,1,1,0
OG0004294,1,1,1,1,0
OG0004299,1,1,1,1,0
OG0004300,1,1,1,1,0
OG0004304,1,1,1,1,0
OG0004311,1,1,1,1,0
OG0004312,1,1,1,1,0
OG0004333,1,1,1,1,0
OG0004335,1,1,1,1,0
OG0004338,1,1,1,1,0
OG0004342,1,1,1,1,1
OG0004346,1,1,1,1,0
OG0004348,1,1,1,1,0
OG0004350,1,1,1,1,0
OG0004355,1,1,1,1,0
OG0004360,1,1,1,1,0
OG0004362,1,1,1,1,0
OG0004369,1,1,1,1,0
OG0004380,1,1,1,1,0
OG0004388,1,1,1,0,0
OG0004389,1,1,1,1,0
OG0004396,1,1,1,1,1
OG0004405,1,1,1,1,0
OG0004406,1,1,1,1,0
OG0004408,1,1,1,1,1
OG0004412,1,1,1,1,0
OG0004417,1,1,1,1,0
OG0004418,1,1,1,1,0
OG0004426,1,0,0,0,0
OG0004449,1,1,1,1,0
OG0004454,1,1,1,1,0
OG0004475,1,1,1,1,0
OG0004476,1,1,1,1,0
OG0004482,1,1,1,0,0
OG0004486,1,1,0,0,0
OG0004487,1,1,1,1,0
OG0004493,1,1,1,1,0
OG0004503,1,1,1,1,0
OG0004514,1,1,1,1,0
OG0004519,1,1,1,1,1
OG0004527,1,1,1,0,0
OG0004532,1,1,1,1,1
OG0004540,1,1,1,1,0
OG0004547,1,1,1,0,0
OG0004548,1,1,1,1,0
OG0004549,1,1,1,1,0
OG0004559,1,1,1,1,0
OG0004561,1,1,1,1,0
OG0004569,1,1,1,1,0
OG0004572,1,1,1,1,0
OG0004573,1,1,1,1,0
OG0004579,1,1,1,1,1
OG0004584,1,1,0,0,0
OG0004597,1,1,1,1,0
OG0004601,1,1,1,1,0
OG0004606,1,1,1,1,0
OG0004610,1,1,1,0,0
OG0004611,1,1,1,1,0
OG0004614,1,1,1,1,0
OG0004618,1,1,1,1,0
OG0004619,1,1,1,1,0
OG0004625,1,1,1,0,0
OG0004629,1,1,1,1,1
OG0004633,1,1,1,1,0
OG0004638,1,1,1,1,0
OG0004642,1,1,1,1,0
OG0004648,1,1,0,0,0
OG0004650,1,1,1,1,0
OG0004655,1,1,1,1,0
OG0004657,1,1,1,1,0
OG0004661,1,1,1,1,0
OG0004662,1,1,1,1,1
OG0004674,1,1,1,1,0
OG0004682,1,1,1,1,1
OG0004683,1,1,0,0,0
OG0004686,1,1,1,1,0
OG0004687,1,1,1,1,0
OG0004695,1,1,1,1,1
OG0004707,1,1,1,1,0
OG0004708,1,1,1,1,1
OG0004712,1,1,1,1,0
OG0004713,1,1,1,1,0
OG0004716,1,1,1,1,0
OG0004718,1,1,1,0,1
OG0004720,1,1,1,1,0
OG0004722,1,1,1,1,0
OG0004723,1,1,1,1,0
OG0004728,1,1,0,0,0
OG0004735,1,1,1,1,0
OG0004737,1,1,1,1,0
OG0004738,1,1,1,1,0
OG0004763,1,0,0,0,0
OG0004780,1,1,1,1,0
OG0004781,1,1,1,0,0
OG0004789,1,1,0,0,0
OG0004793,1,1,1,1,0
OG0004795,1,1,1,1,0
OG0004797,1,1,1,1,0
OG0004799,1,1,1,1,0
OG0004805,1,1,1,0,0
OG0004806,1,1,1,1,1
OG0004809,1,1,1,1,0
OG0004815,1,1,1,1,0
OG0004821,1,1,1,1,0
OG0004823,1,1,1,1,1
OG0004831,1,1,1,0,1
OG0004834,1,1,1,1,0
OG0004835,1,1,1,1,0
OG0004838,1,1,1,1,0
OG0004846,1,1,1,1,0
OG0004848,1,1,1,1,1
OG0004859,1,1,1,1,0
OG0004866,1,1,1,1,0
OG0004869,1,1,1,1,0
OG0004870,1,1,1,0,0
OG0004892,1,1,1,1,0
OG0004894,1,1,1,1,0
OG0004900,1,1,1,1,0
OG0004903,1,1,1,1,0
OG0004905,1,1,1,1,0
OG0004909,1,0,0,0,0
OG0004923,1,1,1,1,0
OG0004924,1,1,1,1,0
OG0004927,1,1,1,1,0
OG0004929,1,0,0,0,0
OG0004941,1,1,1,1,1
OG0004960,1,1,1,1,0
OG0004966,1,1,1,1,0
OG0004967,1,1,1,1,0
OG0004968,1,1,1,1,0
OG0004971,1,1,1,1,0
OG0004972,1,1,0,0,0
OG0004974,1,1,1,1,0
OG0004988,1,1,1,1,0
OG0004997,1,1,1,1,0
OG0004999,1,1,1,1,0
OG0005001,1,1,1,1,1
OG0005006,1,1,1,1,0
OG0005009,1,1,1,1,0
OG0005012,1,1,1,1,0
OG0005013,1,1,1,1,0
OG0005020,1,1,1,1,1
OG0005025,1,1,1,1,1
OG0005030,1,1,1,1,0
OG0005031,1,1,1,0,0
OG0005033,1,1,1,1,0
OG0005041,1,1,1,1,0
OG0005043,1,0,0,0,0
OG0005050,1,1,1,1,0
OG0005059,1,1,1,1,0
OG0005060,1,1,1,1,0
OG0005062,1,1,1,1,0
OG0005065,1,1,1,1,0
OG0005067,1,1,1,1,0
OG0005069,1,1,1,1,0
OG0005075,1,1,1,1,0
OG0005076,1,1,1,1,0
OG0005080,1,1,1,1,0
OG0005081,1,1,1,1,0
OG0005092,1,1,1,0,0
OG0005095,1,1,1,1,0
OG0005098,1,1,1,1,0
OG0005108,1,1,0,0,0
OG0005109,1,1,1,1,0
OG0005110,1,1,1,1,0
OG0005144,1,1,1,1,0
OG0005148,1,1,1,0,0
OG0005151,1,1,1,0,0
OG0005168,1,1,1,1,0
OG0005171,1,1,1,0,0
OG0005172,1,1,1,1,0
OG0005178,1,1,1,1,0
OG0005184,1,1,1,1,0
OG0005188,1,1,1,1,0
OG0005189,1,1,1,1,0
OG0005192,1,1,1,1,0
OG0005193,1,1,1,1,1
OG0005197,1,1,1,1,0
OG0005206,1,1,1,1,0
OG0005208,1,1,1,1,0
OG0005209,1,1,1,1,0
OG0005211,1,1,1,1,1
OG0005218,1,1,1,1,0
OG0005238,1,1,1,1,0
OG0005248,1,1,1,0,0
OG0005249,1,1,1,1,1
OG0005250,1,1,1,1,0
OG0005252,1,1,1,1,0
OG0005253,1,1,1,1,0
OG0005256,1,1,0,0,0
OG0005257,1,1,1,1,0
OG0005258,1,0,1,1,0
OG0005261,1,1,1,1,1
OG0005262,1,1,1,1,0
OG0005267,1,1,1,1,0
OG0005269,1,1,1,1,0
OG0005272,1,1,1,1,0
OG0005277,1,1,1,1,0
OG0005289,1,1,1,1,0
OG0005290,1,1,1,1,0
OG0005302,1,1,1,1,0
OG0005315,1,1,1,1,0
OG0005322,1,1,1,1,1
OG0005323,1,1,1,0,0
OG0005357,1,1,1,1,0
OG0005371,1,1,1,1,0
OG0005378,1,1,1,1,0
OG0005380,1,1,1,1,0
OG0005393,1,1,1,1,0
OG0005403,1,1,1,0,0
OG0005405,1,1,0,0,0
OG0005408,1,1,1,1,0
OG0005412,1,1,1,1,0
OG0005419,1,1,1,1,0
OG0005439,1,1,1,1,0
OG0005444,1,1,1,1,1
OG0005445,1,1,1,1,1
OG0005452,1,0,1,0,0
OG0005456,1,1,1,1,0
OG0005468,1,1,1,1,0
OG0005472,1,1,1,1,0
OG0005478,1,1,1,1,0
OG0005484,1,1,1,0,0
OG0005491,1,1,1,1,0
OG0005493,1,1,1,1,0
OG0005512,1,0,0,0,0
OG0005513,1,1,1,1,1
OG0005529,1,1,1,0,0
OG0005532,1,1,1,1,0
OG0005536,1,1,1,1,0
OG0005537,1,1,1,1,0
OG0005540,1,1,1,1,0
OG0005551,1,1,1,0,1
OG0005554,1,1,1,1,0
OG0005565,1,1,1,1,0
OG0005569,1,1,1,1,0
OG0005571,1,1,1,1,0
OG0005572,1,1,1,1,0
OG0005585,1,1,1,1,0
OG0005586,1,1,1,1,0
OG0005590,1,1,1,1,0
OG0005602,1,1,1,1,0
OG0005604,1,1,1,1,1
OG0005618,1,1,1,1,0
OG0005624,1,1,1,1,0
OG0005626,1,1,1,1,0
OG0005636,1,1,1,1,0
OG0005638,1,1,1,1,0
OG0005645,1,1,1,1,0
OG0005652,1,1,1,1,0
OG0005657,1,1,1,1,1
OG0005667,1,1,1,1,0
OG0005671,1,1,1,0,0
OG0005678,1,1,1,1,0
OG0005679,1,1,1,1,0
OG0005686,1,1,1,1,0
OG0005691,1,1,1,0,0
OG0005693,1,0,0,0,0
OG0005695,1,0,0,0,0
OG0005719,1,1,1,1,0
OG0005723,1,1,1,1,0
OG0005732,1,1,1,1,1
OG0005737,1,1,1,1,0
OG0005739,1,1,1,1,0
OG0005740,1,1,1,1,0
OG0005748,1,0,0,0,0
OG0005752,1,1,1,1,0
OG0005757,1,1,1,1,0
OG0005762,1,1,1,1,0
OG0005765,1,1,1,1,0
OG0005767,1,1,1,1,0
OG0005775,1,1,1,1,0
OG0005776,1,1,1,1,0
OG0005778,1,1,1,1,0
OG0005782,1,1,1,1,0
OG0005793,1,1,1,1,0
OG0005798,1,1,1,1,0
OG0005804,1,1,1,0,0
OG0005806,1,1,1,1,0
OG0005811,1,1,1,1,0
OG0005814,1,1,1,1,0
OG0005817,1,1,1,1,0
OG0005820,1,1,1,1,0
OG0005833,1,1,1,1,0
OG0005852,1,0,0,0,0
OG0005854,1,1,1,1,0
OG0005862,1,1,1,1,0
OG0005887,1,1,1,0,0
OG0005898,1,1,1,1,0
OG0005899,1,1,1,0,0
OG0005904,1,1,1,1,0
OG0005911,1,1,0,0,0
OG0005914,1,1,1,1,0
OG0005916,1,1,1,1,0
OG0005917,1,1,1,1,0
OG0005920,1,1,1,1,0
OG0005921,1,1,1,1,0
OG0005929,1,1,1,1,0
OG0005945,1,1,1,1,0
OG0005951,1,1,1,1,0
OG0005963,1,1,1,1,0
OG0005977,1,1,1,1,0
OG0005985,1,1,1,1,0
OG0005991,1,1,1,1,0
OG0005993,1,1,1,1,0
OG0005995,1,1,1,1,1
OG0006005,1,1,1,1,0
OG0006015,1,1,1,1,0
OG0006016,1,1,1,1,0
OG0006022,1,1,1,1,0
OG0006037,1,1,1,1,1
OG0006040,1,0,0,0,0
OG0006058,1,1,1,1,0
OG0006063,1,1,0,0,0
OG0006067,1,1,1,0,0
OG0006073,1,1,1,1,0
OG0006074,1,1,1,0,0
OG0006076,1,1,1,1,0
OG0006089,1,1,1,1,0
OG0006091,1,1,1,1,0
OG0006097,1,1,1,1,0
OG0006098,1,0,0,0,0
OG0006100,1,1,1,1,0
OG0006108,1,1,1,0,0
OG0006117,1,0,0,0,0
OG0006122,1,1,0,1,0
OG0006129,1,1,1,1,0
OG0006130,1,1,1,1,0
OG0006140,1,1,1,0,0
OG0006141,1,1,1,1,0
OG0006143,1,1,1,1,1
OG0006144,1,1,1,1,0
OG0006160,1,1,1,1,0
OG0006169,1,1,1,1,0
OG0006173,1,0,0,0,0
OG0006195,1,1,1,1,0
OG0006200,1,1,1,1,0
OG0006202,1,1,1,1,0
OG0006204,1,1,1,1,1
OG0006208,1,1,1,1,0
OG0006213,1,1,1,1,0
OG0006215,1,1,1,1,0
OG0006247,1,1,0,0,0
OG0006250,1,0,0,0,0
OG0006253,1,1,1,0,0
OG0006254,1,1,1,0,0
OG0006257,1,1,1,0,0
OG0006264,1,0,0,0,0
OG0006265,1,1,1,1,0
OG0006268,1,1,1,1,0
OG0006292,1,1,1,0,0
OG0006293,1,1,1,1,0
OG0006295,1,1,1,0,1
OG0006300,1,1,1,1,0
OG0006305,1,1,1,1,0
OG0006308,1,1,1,1,1
OG0006316,1,1,1,1,0
OG0006318,1,1,1,1,0
OG0006322,1,1,1,1,0
OG0006338,1,1,1,1,0
OG0006341,1,1,1,0,1
OG0006345,1,1,1,1,0
OG0006349,1,1,1,1,0
OG0006352,1,1,1,1,0
OG0006372,1,1,0,0,0
OG0006374,1,1,1,1,0
OG0006376,1,1,1,1,0
OG0006382,1,1,1,1,0
OG0006411,1,0,0,0,0
OG0006413,1,1,1,1,0
OG0006416,1,1,1,1,0
OG0006419,1,1,1,1,0
OG0006431,1,1,0,0,0
OG0006432,1,1,1,1,0
OG0006437,1,1,1,1,0
OG0006439,1,1,1,1,1
OG0006441,1,1,1,1,0
OG0006459,1,1,0,0,0
OG0006465,1,1,1,1,0
OG0006468,1,1,1,0,0
OG0006469,1,1,1,1,0
OG0006475,1,1,1,1,0
OG0006476,1,1,1,1,0
OG0006492,1,1,1,1,1
OG0006493,1,1,1,1,0
OG0006507,1,1,1,1,0
OG0006509,1,1,1,1,0
OG0006513,1,0,0,0,0
OG0006514,1,1,1,1,0
OG0006524,1,1,1,1,0
OG0006530,1,1,1,1,0
OG0006531,1,1,1,1,0
OG0006545,1,1,1,1,1
OG0006547,1,0,0,0,0
OG0006549,1,0,0,0,0
OG0006586,1,1,1,1,0
OG0006590,1,1,1,1,0
OG0006596,1,1,1,1,0
OG0006605,1,1,0,0,0
OG0006614,1,1,1,1,0
OG0006615,1,1,1,1,0
OG0006616,1,1,1,1,0
OG0006617,1,1,0,0,0
OG0006618,1,1,1,1,0
OG0006621,1,1,1,1,0
OG0006623,1,1,1,1,1
OG0006630,1,1,1,1,0
OG0006636,1,1,1,1,0
OG0006641,1,1,1,1,0
OG0006649,1,1,1,1,0
OG0006653,1,1,1,1,0
OG0006656,1,1,1,0,0
OG0006659,1,1,1,0,0
OG0006672,1,1,1,1,0
OG0006674,1,1,1,1,0
OG0006675,1,1,1,1,0
OG0006695,1,1,0,0,0
OG0006701,1,1,1,0,0
OG0006703,1,0,1,0,0
OG0006743,1,1,1,1,0
OG0006747,1,1,1,1,0
OG0006759,1,1,1,0,1
OG0006764,1,1,1,0,0
OG0006771,1,1,1,1,0
OG0006776,1,1,0,0,0
OG0006778,1,1,1,1,1
OG0006782,1,0,0,0,0
OG0006783,1,1,1,0,0
OG0006803,1,1,1,1,0
OG0006804,1,1,1,1,0
OG0006806,1,1,1,0,0
OG0006807,1,1,1,1,0
OG0006815,1,1,1,1,0
OG0006816,1,1,1,1,0
OG0006818,1,1,1,1,0
OG0006821,1,1,1,0,0
OG0006823,1,0,0,0,0
OG0006824,1,0,0,0,0
OG0006826,1,1,1,1,0
OG0006827,1,1,1,0,0
OG0006830,1,1,1,1,0
OG0006831,1,1,1,1,0
OG0006850,1,0,0,0,0
OG0006897,1,1,1,1,0
OG0006903,1,1,1,1,0
OG0006905,1,1,1,1,0
OG0006914,1,1,1,0,0
OG0006919,1,0,0,0,0
OG0006920,1,1,1,0,0
OG0006930,1,1,1,0,0
OG0006931,1,1,1,1,0
OG0006935,1,1,1,0,1
OG0006946,1,0,0,0,0
OG0006948,1,1,1,1,0
OG0006954,1,1,1,0,0
OG0006958,1,1,0,0,0
OG0006963,1,0,0,0,0
OG0006973,1,1,1,1,0
OG0006978,1,1,1,1,0
OG0006981,1,1,1,0,0
OG0007010,1,1,1,1,0
OG0007016,1,0,0,0,0
OG0007045,1,1,0,0,0
OG0007058,1,1,1,0,0
OG0007060,1,0,0,0,0
OG0007063,1,1,1,1,0
OG0007074,1,1,0,0,0
OG0007082,1,1,0,0,0
OG0007088,1,1,1,1,0
OG0007109,1,1,0,0,0
OG0007120,1,1,1,1,1
OG0007124,1,1,1,1,0
OG0007130,1,1,1,1,0
OG0007139,1,1,1,1,0
OG0007186,1,1,1,0,1
OG0007189,1,1,1,1,0
OG0007192,1,1,1,1,0
OG0007196,1,0,0,0,0
OG0007198,1,1,1,1,0
OG0007202,1,1,1,1,0
OG0007209,1,1,0,0,0
OG0007211,1,1,1,1,0
OG0007217,1,1,1,1,0
OG0007223,1,1,1,1,0
OG0007238,1,1,1,0,0
OG0007242,1,0,0,0,0
OG0007243,1,1,1,1,1
OG0007246,1,1,1,1,0
OG0007247,1,1,1,1,0
OG0007249,1,1,1,0,0
OG0007256,1,1,1,1,0
OG0007257,1,1,0,0,0
OG0007261,1,1,1,1,0
OG0007263,1,1,1,1,0
OG0007270,1,1,1,1,0
OG0007271,1,1,0,0,0
OG0007273,1,1,1,1,0
OG0007329,1,1,1,1,0
OG0007336,1,1,1,1,0
OG0007343,1,0,0,0,0
OG0007349,1,1,1,0,0
OG0007358,1,0,0,0,0
OG0007367,1,1,1,0,0
OG0007382,1,1,1,0,0
OG0007385,1,1,1,1,0
OG0007389,1,1,0,0,0
OG0007393,1,1,0,0,0
OG0007449,1,1,1,1,0
OG0007450,1,1,1,0,0
OG0007468,1,1,1,0,0
OG0007469,1,1,1,1,0
OG0007478,1,0,0,0,0
OG0007482,1,0,0,0,0
OG0007484,1,1,1,0,0
OG0007495,1,0,0,0,0
OG0007512,1,1,0,0,0
OG0007518,1,1,1,0,0
OG0007522,1,1,1,1,0
OG0007545,1,1,1,1,0
OG0007546,1,0,0,0,0
OG0007592,1,1,1,1,0
OG0007595,1,1,1,0,0
OG0007598,1,1,1,0,0
OG0007621,1,1,1,0,0
OG0007625,1,1,1,1,0
OG0007627,1,0,0,0,0
OG0007628,1,1,1,1,0
OG0007629,1,1,1,1,0
OG0007650,1,1,1,1,0
OG0007655,1,1,1,1,0
OG0007743,1,1,1,0,0
OG0007745,1,1,0,0,0
OG0007751,1,1,1,1,1
OG0007771,1,1,1,1,0
OG0007778,1,1,1,1,0
OG0007827,1,0,0,0,0
OG0007829,1,0,0,0,0
OG0007837,1,1,1,1,1
OG0007901,1,1,0,0,0
OG0007904,1,0,0,0,0
OG0007909,1,1,1,0,0
OG0007921,1,0,0,0,0
OG0007926,1,1,0,0,0
OG0007927,1,1,0,1,0
OG0007928,1,0,0,0,0
OG0007932,1,1,0,0,0
OG0007941,1,0,0,0,0
OG0007954,1,1,1,0,0
OG0007964,1,1,1,1,0
OG0007969,1,1,1,1,1
OG0007982,1,0,0,0,0
OG0007991,1,0,0,0,0
OG0008044,1,1,0,0,0
OG0008045,1,1,1,0,1
OG0008049,1,1,1,1,0
OG0008059,1,1,1,0,0
OG0008065,1,1,1,0,0
OG0008077,1,0,0,0,0
OG0008080,1,0,0,0,0
OG0008112,1,1,1,1,0
OG0008119,1,1,0,0,0
OG0008144,1,0,0,0,0
OG0008146,1,0,0,0,0
OG0008148,1,0,0,0,0
OG0008149,1,0,0,0,0
OG0008219,1,1,0,0,0
OG0008220,1,1,1,0,0
OG0008225,1,1,0,0,0
OG0008230,1,1,1,1,0
OG0008233,1,1,1,0,0
OG0008241,1,1,1,0,1
OG0008262,1,1,0,0,0
OG0008267,1,1,0,0,0
OG0008268,1,0,0,0,0
OG0008274,1,1,1,0,0
OG0008313,1,1,1,0,0
OG0008316,1,0,0,0,0
OG0008383,1,0,0,0,0
OG0008392,1,0,0,0,0
OG0008410,1,1,1,1,0
OG0008421,1,1,1,1,0
OG0008553,1,1,0,0,0
OG0008566,1,0,0,0,0
OG0008570,1,0,0,0,0
OG0008571,1,1,1,0,0
OG0008572,1,0,0,0,0
OG0008573,1,0,0,0,0
OG0008576,1,0,0,0,0
OG0008581,1,0,1,0,0
OG0008586,1,1,1,1,0
OG0008588,1,1,0,0,0
OG0008618,1,0,0,0,0
OG0008690,1,1,0,0,0
OG0008692,1,1,1,0,0
OG0008696,1,0,0,0,0
OG0008701,1,0,0,0,0
OG0008705,1,1,0,0,0
OG0008717,1,0,0,0,0
OG0008720,1,1,1,1,0
OG0008736,1,1,1,0,0
OG0008741,1,1,0,0,0
OG0008742,1,1,0,1,0
OG0008777,1,0,0,0,0
OG0008780,1,0,0,0,0
OG0008864,1,0,1,1,0
OG0008886,1,0,0,0,0
OG0008894,1,0,0,0,0
OG0008920,1,0,0,0,0
OG0008921,1,0,0,0,0
OG0008963,1,0,0,0,0
OG0008965,1,1,0,0,0
OG0009005,0,1,1,1,0
OG0009065,1,1,1,1,0
OG0009067,1,0,0,0,0
OG0009077,1,0,0,0,0
OG0009079,1,1,0,0,0
OG0009080,1,1,0,0,0
OG0009092,1,0,0,0,0
OG0009094,1,1,1,0,0
OG0009131,1,1,0,0,0
OG0009137,1,1,0,0,0
OG0009138,1,0,0,0,0
OG0009144,1,0,0,0,0
OG0009249,1,0,0,0,0
OG0009258,1,0,0,0,0
OG0009266,1,0,0,0,0
OG0009285,1,1,0,0,0
OG0009304,1,1,1,1,0
OG0009322,1,0,0,0,0
OG0009329,1,0,0,0,0
OG0009335,1,0,0,0,0
OG0009374,0,1,1,1,1
OG0009433,1,0,0,0,0
OG0009443,1,0,0,0,0
OG0009444,1,0,0,0,0
OG0009454,1,0,0,0,0
OG0009463,1,0,0,0,0
OG0009468,1,0,0,0,0
OG0009470,1,1,1,1,0
OG0009471,1,0,0,0,0
OG0009472,1,0,0,0,0
OG0009487,1,1,0,0,0
OG0009491,1,0,0,0,0
OG0009492,1,0,0,0,0
OG0009545,1,0,0,0,0
OG0009546,1,0,0,0,0
OG0009549,1,0,0,0,0
OG0009681,1,0,0,0,0
OG0009685,1,0,0,0,0
OG0009689,1,0,0,0,0
OG0009707,1,0,0,0,0
OG0009714,1,0,1,0,0
OG0009717,1,0,0,0,0
OG0009718,1,0,0,0,0
OG0009724,1,0,0,0,0
OG0009728,1,1,1,0,0
OG0009737,1,1,0,0,0
OG0009744,1,0,1,0,0
OG0009808,1,0,0,0,0
OG0009814,1,0,1,0,0
OG0009819,1,0,0,0,0
OG0009892,1,1,1,0,0
OG0009962,1,0,0,0,0
OG0009965,1,1,0,0,0
OG0009966,1,0,0,0,0
OG0009975,1,0,0,0,0
OG0009979,1,0,0,0,0
OG0009986,1,0,0,0,0
OG0009987,1,1,0,0,0
OG0009988,1,0,0,0,0
OG0010000,1,1,0,0,0
OG0010007,1,0,0,0,0
OG0010010,1,0,0,0,0
OG0010012,1,0,0,0,0
OG0010013,1,0,0,0,0
OG0010022,1,0,0,0,0
OG0010057,1,1,1,0,0
OG0010062,1,1,1,1,0
OG0010092,1,0,0,0,0
OG0010095,1,0,0,0,0
OG0010274,1,0,0,0,0
OG0010277,1,0,1,0,0
OG0010296,1,0,0,0,0
OG0010311,1,0,0,0,0
OG0010319,1,0,0,0,0
OG0010321,1,0,0,0,0
OG0010381,1,1,0,0,0
OG0010383,1,0,0,0,0
OG0010388,1,0,0,0,0
OG0010396,1,0,0,0,0
OG0010484,1,1,0,0,0
OG0010535,1,1,0,0,0
OG0010585,1,0,0,0,0
OG0010587,1,1,0,0,0
OG0010590,1,1,1,1,0
OG0010603,1,1,0,0,0
OG0010607,1,0,0,0,0
OG0010608,1,1,1,0,0
OG0010620,1,0,0,0,0
OG0010641,1,0,0,0,0
OG0010642,1,0,0,0,0
OG0010711,1,0,0,0,0
OG0010719,1,0,0,0,0
OG0010728,1,0,0,0,0
OG0010731,1,0,0,0,0
OG0010734,1,0,0,0,0
OG0010739,1,0,0,0,0
OG0010927,1,0,0,0,0
OG0010932,1,0,0,0,0
OG0010933,1,0,0,0,0
OG0010942,1,0,0,0,0
OG0010974,1,0,0,0,0
OG0010985,1,0,0,0,0
OG0010986,1,0,0,0,0
OG0010989,1,0,0,0,0
OG0011055,1,1,1,0,0
OG0011078,1,0,0,0,0
OG0011079,1,0,0,0,0
OG0011105,1,1,1,1,0
OG0011158,1,1,1,0,0
OG0011337,1,0,0,0,0
OG0011339,1,0,0,0,0
OG0011340,1,0,0,0,0
OG0011346,1,1,0,0,0
OG0011353,1,0,0,0,0
OG0011386,1,0,0,0,0
OG0011396,1,0,1,0,0
OG0011399,1,0,0,0,0
OG0011400,1,0,0,0,0
OG0011411,1,0,0,0,0
OG0011415,1,0,0,0,0
OG0011416,1,0,0,0,0
OG0011429,1,1,0,0,0
OG0011485,1,0,0,0,0
OG0011493,1,0,0,0,0
OG0011494,1,0,0,0,0
OG0011496,1,0,0,0,0
OG0011497,1,0,0,0,0
OG0011499,1,0,0,0,0
OG0011502,1,0,0,0,0
OG0011505,1,0,0,0,0
OG0011511,1,0,0,0,0
OG0011514,1,0,0,0,0
OG0011515,1,0,0,0,0
OG0011524,1,0,0,0,0
OG0011852,1,0,0,0,0
OG0011858,1,0,0,0,0
OG0011879,1,0,0,0,0
OG0011887,1,0,0,0,0
OG0011889,1,0,0,0,0
OG0011895,1,0,0,0,0
OG0011962,1,0,0,0,0
OG0011968,1,0,0,0,0
OG0011976,1,0,0,0,0
OG0011993,1,0,0,0,0
OG0012000,1,0,0,0,0
OG0012007,1,0,0,0,0
OG0012008,1,0,0,0,0
OG0012013,1,0,0,0,0
OG0012023,1,1,1,0,0
OG0012259,0,1,0,0,0
OG0012362,1,0,0,0,0
OG0012368,1,0,0,0,0
OG0012370,1,0,0,0,0
OG0012376,1,0,0,0,0
OG0012378,1,0,0,0,0
OG0012396,1,0,0,0,0
OG0012399,1,0,0,0,0
OG0012402,1,0,0,0,0
OG0012465,1,1,0,0,0
OG0012509,1,0,0,0,0
OG0012511,1,0,0,0,0
OG0012512,1,0,0,0,0
OG0012515,1,0,0,0,0
OG0012522,1,0,0,0,0
OG0012526,1,0,0,0,0
OG0012528,1,0,0,0,0
OG0012535,1,0,0,0,0
OG0012546,1,0,0,0,0
OG0012550,1,0,0,0,0
OG0012551,1,0,0,0,0
OG0012562,1,0,0,0,0
OG0012964,1,0,0,0,0
OG0012969,1,0,0,0,0
OG0012999,1,0,0,0,0
OG0013009,1,0,0,0,0
OG0013127,1,0,0,0,0
OG0013128,1,0,0,0,0
OG0013135,1,0,0,0,0
OG0013136,1,0,0,0,0
OG0013140,1,0,0,0,0
OG0013151,1,0,0,0,0
OG0013158,1,0,0,0,0
OG0013159,1,0,0,0,0
OG0013160,1,0,0,0,0
OG0013161,1,0,0,0,0
OG0013162,1,0,0,0,0
OG0013186,1,0,0,0,0
OG0013191,1,0,0,0,0
OG0013196,1,0,0,0,0
OG0013197,1,0,0,0,0
OG0013459,1,1,0,0,0
OG0013751,1,0,0,0,0
OG0013754,1,0,0,0,0
OG0013755,1,0,0,0,0
OG0013786,1,0,0,0,0
OG0013900,1,0,0,0,0
OG0013916,1,0,0,0,0
OG0013927,1,0,0,0,0
OG0013939,1,0,0,0,0
OG0013949,1,0,0,0,0
OG0013959,1,0,0,0,0
OG0014086,1,1,0,0,0
OG0014653,1,0,0,0,0
OG0014834,1,0,0,0,0
OG0014842,1,0,0,0,0
OG0014857,1,0,0,0,0
OG0014865,1,0,0,0,0
OG0014867,1,0,0,0,0
OG0014869,1,0,0,0,0
OG0014874,1,0,0,0,0
OG0014877,1,0,0,0,0
OG0014892,1,0,0,0,0
OG0014894,1,0,0,0,0
OG0014897,1,0,0,0,0
OG0014898,1,0,0,0,0
OG0014909,1,0,0,0,0
OG0014919,1,1,0,0,0
OG0014936,1,0,0,0,0
OG0014944,1,1,0,0,0
OG0015866,1,0,0,0,0
OG0016086,1,0,0,0,0
OG0016087,1,0,0,0,0
OG0016088,1,0,0,0,0
OG0016090,1,0,0,0,0
OG0016109,1,0,0,0,0
OG0016120,1,0,0,0,0
OG0016136,1,0,0,0,0
OG0016138,1,0,0,0,0
OG0016139,1,0,0,0,0
OG0016146,1,0,0,0,0
OG0016160,1,0,0,0,0
OG0016181,1,0,0,0,0
OG0016187,1,0,0,0,0
OG0016189,1,0,0,0,0
OG0016191,1,0,0,0,0
OG0017110,1,1,0,0,0
OG0017135,0,1,0,0,0
OG0017414,1,0,0,0,0
OG0017442,1,1,0,0,0
OG0017777,1,0,0,0,0
OG0017782,1,0,0,0,0
OG0017790,1,0,0,0,0
OG0017811,1,0,0,0,0
OG0017819,1,0,0,0,0
OG0017828,1,0,0,0,0
OG0017836,1,0,0,0,0
OG0017843,1,0,0,0,0
OG0017846,1,0,0,0,0
OG0017847,1,0,0,0,0
OG0017849,1,0,0,0,0
OG0017866,1,0,0,0,0
OG0017880,1,0,0,0,0
OG0017885,1,0,0,0,0
OG0017891,1,0,0,0,0
OG0017900,1,0,0,0,0
OG0019271,0,1,0,0,0
OG0019761,1,1,1,0,0
OG0020133,1,0,0,0,0
OG0020155,1,0,0,0,0
OG0020156,1,0,0,0,0
OG0020184,1,0,0,0,0
OG0020187,1,0,0,0,0
OG0020192,1,0,0,0,0
OG0020219,1,0,0,0,0
OG0020224,1,0,0,0,0
OG0020245,1,0,0,0,0
OG0020248,1,0,0,0,0
OG0020249,1,0,0,0,0
OG0020255,1,0,0,0,0
OG0020259,1,0,0,0,0
OG0020261,1,0,0,0,0
OG0020266,1,0,0,0,0
OG0020278,1,0,0,0,0
OG0020281,1,0,0,0,0
OG0020287,1,0,0,0,0
OG0020308,1,0,0,0,0
OG0020355,1,0,0,0,0
OG0020365,1,0,0,0,0
OG0020366,1,0,0,0,0
OG0020371,1,0,0,0,0
OG0020374,1,0,0,0,0
OG0020381,1,0,0,0,0
OG0020383,1,0,0,0,0
OG0023198,1,0,0,0,0
OG0023344,1,0,0,0,0
OG0023893,1,0,0,0,0
OG0023898,1,0,0,0,0
OG0023905,1,0,0,0,0
OG0023912,1,0,0,0,0
OG0023930,1,0,0,0,0
OG0023934,1,0,0,0,0
OG0023997,1,0,0,0,0
OG0024006,1,0,0,0,0
OG0024010,1,0,0,0,0
OG0024019,1,0,0,0,0
OG0024065,1,0,0,0,0
OG0024140,1,0,0,0,0
OG0024148,1,0,0,0,0
OG0024166,1,0,0,0,0
OG0024205,1,0,0,0,0
OG0024209,1,0,0,0,0
OG0024238,1,0,0,0,0
OG0024242,1,0,0,0,0
OG0024263,1,0,0,0,0
OG0024291,1,0,0,0,0
OG0024298,1,1,0,0,0
OG0024306,1,0,0,0,0
OG0024313,1,0,0,0,0
OG0024315,1,0,0,0,0
OG0024323,1,0,0,0,0
OG0024330,1,0,1,0,0
OG0026114,1,1,0,0,0
OG0026245,0,1,1,0,0
OG0027567,0,1,1,0,0
OG0027622,0,1,0,0,0
OG0027638,1,1,0,0,0
OG0027670,0,1,0,0,0
OG0027677,0,1,0,0,0
OG0029878,1,0,0,0,0
OG0029890,1,0,0,0,0
OG0029901,1,0,0,0,0
OG0029912,1,0,0,0,0
OG0029914,1,0,0,0,0
OG0029935,1,0,0,0,0
OG0029938,1,0,0,0,0
OG0029960,1,0,0,0,0
OG0029971,1,0,0,0,0
OG0029979,1,0,0,0,0
OG0029993,1,0,0,0,0
OG0029998,1,0,0,0,0
OG0030012,1,0,0,0,0
OG0030068,1,0,0,0,0
OG0030073,1,0,0,0,0
OG0030076,1,0,0,0,0
OG0030109,1,0,0,0,0
OG0030115,1,0,0,0,0
OG0030136,1,0,0,0,0
OG0030138,1,0,0,0,0
OG0030139,1,0,0,0,0
OG0030140,1,0,0,0,0
OG0030145,1,0,0,0,0
OG0030172,1,0,0,0,0
OG0030188,1,0,0,0,0
OG0030222,1,0,0,0,0
OG0030224,1,0,0,0,0
OG0030228,1,0,0,0,0
OG0030229,1,0,0,0,0
OG0030234,1,0,0,0,0
OG0030238,1,0,0,0,0
OG0030247,1,0,0,0,0
OG0030248,1,0,0,0,0
OG0030255,1,0,0,0,0
OG0030258,1,0,0,0,0
OG0030262,1,0,0,0,0
OG0030276,1,0,0,0,0
OG0030288,1,0,0,0,0
OG0030337,1,0,0,0,0
OG0030361,1,0,0,0,0
OG0030367,1,0,0,0,0
OG0030374,1,0,0,0,0
OG0030385,1,0,0,0,0
OG0030395,1,0,0,0,0
OG0030408,1,0,0,0,0
OG0030421,1,0,0,0,0
OG0030423,1,0,0,0,0
OG0030427,1,0,0,0,0
OG0030457,1,0,0,0,0
OG0030462,1,0,0,0,0
OG0030512,1,0,0,0,0
OG0030524,1,0,0,0,0
OG0030529,1,0,0,0,0
OG0030553,1,0,0,0,0
OG0030574,1,0,1,0,0
OG0030575,1,0,0,0,0
OG0030590,1,0,0,0,0
OG0030592,1,0,0,0,0
OG0030597,1,0,0,0,0
OG0035804,0,1,0,0,0
OG0035814,0,1,0,0,0
OG0035824,0,1,0,0,0
OG0035986,0,1,0,0,0
OG0041748,1,1,0,0,0
OG0041984,1,0,0,0,0
OG0041989,1,0,0,0,0
OG0042007,1,0,0,0,0
OG0042015,1,0,0,0,0
OG0042041,1,0,0,0,0
OG0042060,1,0,0,0,0
OG0042070,1,0,0,0,0
OG0042074,1,0,0,0,0
OG0042130,1,0,0,0,0
OG0042155,1,0,0,0,0
OG0042189,1,0,0,0,0
OG0042216,1,0,0,0,0
OG0042245,1,0,0,0,0
OG0042253,1,0,0,0,0
OG0042257,1,0,0,0,0
OG0042317,1,0,0,0,0
OG0042321,1,0,0,0,0
OG0042329,1,0,0,0,0
OG0042339,1,0,0,0,0
OG0042398,1,0,0,0,0
OG0042410,1,0,0,0,0
OG0042456,1,0,0,0,0
OG0042557,1,0,0,0,0
OG0042622,1,0,0,0,0
OG0042635,1,0,0,0,0
OG0042669,1,0,0,0,0
OG0042683,1,0,0,0,0
OG0042692,1,0,0,0,0
OG0042698,1,0,0,0,0
OG0042799,1,0,0,0,0
OG0042809,1,0,0,0,0
OG0042838,1,0,0,0,0
OG0042883,1,0,0,0,0
OG0042889,1,0,0,0,0
OG0042894,1,0,0,0,0
OG0053645,0,1,0,0,0
OG0053646,0,1,0,0,0
OG0053735,1,1,0,0,0
OG0054019,0,1,0,0,0
OG0054157,0,1,0,0,0
